-- phpMyAdmin SQL Dump
-- version phpStudy 2014
-- http://www.phpmyadmin.net
--
-- ä¸»æœº: localhost
-- ç”Ÿæˆæ—¥æœŸ: 2019 å¹?10 æœ?24 æ—?10:48
-- æœåŠ¡å™¨ç‰ˆæœ¬: 5.5.53
-- PHP ç‰ˆæœ¬: 7.0.12

SET SQL_MODE="NO_AUTO_VALUE_ON_ZERO";
SET time_zone = "+00:00";


/*!40101 SET @OLD_CHARACTER_SET_CLIENT=@@CHARACTER_SET_CLIENT */;
/*!40101 SET @OLD_CHARACTER_SET_RESULTS=@@CHARACTER_SET_RESULTS */;
/*!40101 SET @OLD_COLLATION_CONNECTION=@@COLLATION_CONNECTION */;
/*!40101 SET NAMES utf8 */;

--
-- æ•°æ®åº“: `zzcms`
--

-- --------------------------------------------------------

--
-- è¡¨çš„ç»“æ„ `zzcms_about`
--

CREATE TABLE IF NOT EXISTS `zzcms_about` (
  `id` int(11) NOT NULL AUTO_INCREMENT,
  `title` char(50) DEFAULT NULL,
  `content` longtext,
  `link` char(50) DEFAULT NULL,
  PRIMARY KEY (`id`)
) ENGINE=MyISAM DEFAULT CHARSET=utf8 AUTO_INCREMENT=1 ;

-- --------------------------------------------------------

--
-- è¡¨çš„ç»“æ„ `zzcms_ad`
--

CREATE TABLE IF NOT EXISTS `zzcms_ad` (
  `id` int(11) NOT NULL AUTO_INCREMENT,
  `xuhao` int(11) NOT NULL DEFAULT '0',
  `title` char(50) DEFAULT NULL,
  `titlecolor` char(255) DEFAULT NULL,
  `link` char(255) DEFAULT NULL,
  `dl_id` int(11) DEFAULT NULL COMMENT 'ä»£ç†äº§å“ID',
  `zx_id` int(11) DEFAULT NULL COMMENT 'èµ„è®¯æ–‡ç« ID',
  `sendtime` datetime DEFAULT NULL,
  `bigclassname` char(50) DEFAULT NULL,
  `smallclassname` char(50) DEFAULT NULL,
  `username` char(50) DEFAULT NULL,
  `nextuser` char(50) DEFAULT NULL,
  `elite` tinyint(4) NOT NULL DEFAULT '0',
  `img` char(255) DEFAULT NULL,
  `starttime` datetime DEFAULT NULL,
  `endtime` datetime DEFAULT NULL,
  PRIMARY KEY (`id`)
) ENGINE=MyISAM  DEFAULT CHARSET=utf8 AUTO_INCREMENT=50 ;

--
-- è½¬å­˜è¡¨ä¸­çš„æ•°æ® `zzcms_ad`
--

INSERT INTO `zzcms_ad` (`id`, `xuhao`, `title`, `titlecolor`, `link`, `dl_id`, `zx_id`, `sendtime`, `bigclassname`, `smallclassname`, `username`, `nextuser`, `elite`, `img`, `starttime`, `endtime`) VALUES
(1, 0, '32111', '', 'javascript:void(0)', 31, 1, '2019-09-29 17:30:45', 'api', 'äººæ°”å“ç‰Œ', '', '', 0, '/uploadfiles/2019-10/20191016011643491.jpg', '2019-10-15 00:00:00', '2019-10-15 00:00:00'),
(2, 1, '32111', '', 'javascript:void(0)', 1, 0, '2019-09-30 15:31:48', 'api', 'banner', '', NULL, 0, '', '2019-10-16 00:00:00', '2020-10-15 00:00:00'),
(3, 3, '32111', '', 'javascript:void(0)', 2, 0, '2019-09-30 15:31:55', 'api', 'banner', '', NULL, 0, '', '2019-10-16 00:00:00', '2020-10-15 00:00:00'),
(4, 2, '32111', '', 'javascript:void(0)', 31, 0, '2019-09-30 15:32:03', 'api', 'banner', '', NULL, 0, '', '2019-10-16 00:00:00', '2020-10-15 00:00:00'),
(5, 0, '32111', '', 'javascript:void(0)', 33, 0, '2019-09-30 17:39:18', 'api', 'äººæ°”å“ç‰Œ', '', '', 0, '', '2019-10-16 00:00:00', '2020-10-15 00:00:00'),
(6, 3, 'ä¸ºæ‚¨æ¨è', '', 'javascript:void(0)', 29, 1, '2019-09-30 19:01:16', 'api', 'ä¸ºæ‚¨æ¨è', '', '', 0, '', '2019-10-16 00:00:00', '2020-10-15 00:00:00'),
(7, 1, 'ä¸ºæ‚¨æ¨è', '', 'javascript:void(0)', 33, 0, '2019-09-30 19:01:27', 'api', 'ä¸ºæ‚¨æ¨è', '', '', 0, '', '2019-10-16 00:00:00', '2020-10-15 00:00:00'),
(8, 0, 'ä¸ºæ‚¨æ¨è', '', 'javascript:void(0)', 0, 2, '2019-10-01 10:25:20', 'api', 'é¦–é¡µèµ„è®¯', '', NULL, 0, '', '2019-10-17 00:00:00', '2020-10-16 00:00:00'),
(9, 0, '32111', '', 'javascript:void(0)', 0, 0, '2019-10-02 16:47:07', 'é¦–é¡µ', 'å¯¹è”å¹¿å‘Šå·¦ä¾§', '', '', 0, '/uploadfiles/2019-10/20191018084705658.jpg', '2019-10-18 00:00:00', '2020-10-17 00:00:00'),
(10, 0, '32111', '', 'javascript:void(0)', 33, 0, '2019-10-02 17:47:00', 'å‘ç°', 'ä¼˜è´¨å“ç‰Œ', '', NULL, 0, '', '2019-10-18 00:00:00', '2020-10-17 00:00:00'),
(11, 0, '32111', '', 'javascript:void(0)', 34, 0, '2019-10-02 17:47:08', 'å‘ç°', 'ä¼˜è´¨å“ç‰Œ', '', NULL, 0, '', '2019-10-18 00:00:00', '2020-10-17 00:00:00'),
(12, 0, '32111', '', 'javascript:void(0)', 35, 0, '2019-10-02 17:47:31', 'å‘ç°', 'æ•™è‚²ä¸“åŒº', '', NULL, 0, '', '2019-10-18 00:00:00', '2020-10-17 00:00:00'),
(13, 0, '32111', '', 'javascript:void(0)', 0, 3, '2019-10-02 18:42:05', 'åŠ ç›Ÿèµ„è®¯', 'åŠ ç›Ÿèµ„è®¯', '', NULL, 0, '', '2019-10-18 00:00:00', '2020-10-17 00:00:00'),
(14, 0, '32111', '', 'javascript:void(0)', 0, 2, '2019-10-02 19:23:32', 'åŠ ç›Ÿèµ„è®¯', 'åŠ ç›Ÿèµ„è®¯', '', NULL, 0, '', '2019-10-18 00:00:00', '2020-10-17 00:00:00'),
(15, 0, '32111', '', 'javascript:void(0)', 33, 0, '2019-10-02 19:35:16', 'åŠ ç›Ÿæ’è¡Œæ¦œ', 'é¤é¥®æ’è¡Œæ¦œ', '', '', 0, '', '2019-10-18 00:00:00', '2020-10-17 00:00:00'),
(17, 0, '32111', '', 'javascript:void(0)', 35, 0, '2019-10-02 19:36:40', 'åŠ ç›Ÿæ’è¡Œæ¦œ', 'æ•™è‚²æ’è¡Œæ¦œ', '', NULL, 0, '', '2019-10-18 00:00:00', '2020-10-17 00:00:00'),
(18, 0, '32111', '', 'javascript:void(0)', 33, 0, '2019-10-02 20:24:09', 'çƒ­é—¨è¡Œä¸š', 'ç‰¹è‰²ç¾é£Ÿ', '', NULL, 0, '', '2019-10-18 00:00:00', '2020-10-17 00:00:00'),
(19, 0, '32111', '', 'javascript:void(0)', 32, 0, '2019-10-02 20:24:22', 'çƒ­é—¨è¡Œä¸š', 'ç‰¹è‰²ç¾é£Ÿ', '', NULL, 0, '', '2019-10-18 00:00:00', '2020-10-17 00:00:00'),
(20, 0, '3213', '', 'javascript:void(0)', 34, 0, '2019-10-05 09:21:57', 'å‘ç°', 'æ•™è‚²ä¸“åŒº', '', NULL, 0, '', '2019-10-21 00:00:00', '2020-10-20 00:00:00'),
(21, 0, '3213', '', 'javascript:void(0)', 34, 0, '2019-10-05 19:48:12', 'çƒ­é—¨è¡Œä¸š', 'ç‰¹è‰²ç¾é£Ÿ', '', NULL, 0, '', '2019-10-21 00:00:00', '2020-10-20 00:00:00'),
(47, 0, NULL, NULL, NULL, 30, NULL, '2019-10-22 19:54:14', 'api', 'ä¸ºæ‚¨æ¨è', NULL, NULL, 0, NULL, NULL, NULL),
(46, 0, NULL, NULL, NULL, 34, NULL, '2019-10-22 19:50:51', 'api', 'banner', NULL, NULL, 0, NULL, NULL, NULL),
(45, 0, NULL, NULL, NULL, 34, NULL, '2019-10-22 19:49:15', 'api', 'ä¸ºæ‚¨æ¨è', NULL, NULL, 0, NULL, NULL, NULL),
(42, 0, NULL, NULL, NULL, 34, NULL, '2019-10-22 19:47:53', 'åŠ ç›Ÿæ’è¡Œæ¦œ', 'é¤é¥®æ’è¡Œæ¦œ', NULL, NULL, 0, NULL, NULL, NULL);

-- --------------------------------------------------------

--
-- è¡¨çš„ç»“æ„ `zzcms_adclass`
--

CREATE TABLE IF NOT EXISTS `zzcms_adclass` (
  `classid` int(11) NOT NULL AUTO_INCREMENT,
  `classname` char(50) NOT NULL,
  `parentid` char(50) NOT NULL,
  `xuhao` int(11) NOT NULL DEFAULT '0',
  `nav_show` tinyint(4) DEFAULT '0' COMMENT 'åŠ å…¥å‘ç°å¯¼èˆªæ ',
  `photo` varchar(100) DEFAULT NULL COMMENT 'æ ‡ç­¾èƒŒæ™¯å›¾ç‰‡',
  `dl_classid` int(11) DEFAULT '0' COMMENT 'å…³è”äº§å“ID',
  `remarks` varchar(20) DEFAULT NULL COMMENT 'å¤‡æ³¨',
  `isedit` tinyint(4) DEFAULT '1' COMMENT 'èƒ½å¦ä¿®æ”¹æ·»åŠ  1 å¯ä»¥ 0 ä¸å¯ä»¥',
  `isdel` tinyint(4) DEFAULT '1' COMMENT 'èƒ½å¦åˆ é™¤1å¯ä»¥  0ä¸å¯ä»¥',
  PRIMARY KEY (`classid`)
) ENGINE=MyISAM  DEFAULT CHARSET=utf8 AUTO_INCREMENT=62 ;

--
-- è½¬å­˜è¡¨ä¸­çš„æ•°æ® `zzcms_adclass`
--

INSERT INTO `zzcms_adclass` (`classid`, `classname`, `parentid`, `xuhao`, `nav_show`, `photo`, `dl_classid`, `remarks`, `isedit`, `isdel`) VALUES
(1, 'å¯¹è”å¹¿å‘Šå³ä¾§', 'é¦–é¡µ', 0, 0, NULL, 0, NULL, 1, 1),
(2, 'å¯¹è”å¹¿å‘Šå·¦ä¾§', 'é¦–é¡µ', 0, 0, NULL, 0, NULL, 1, 1),
(3, 'æ¼‚æµ®å¹¿å‘Š', 'é¦–é¡µ', 0, 0, NULL, 0, NULL, 1, 1),
(4, 'é¦–é¡µé¡¶éƒ¨', 'é¦–é¡µ', 0, 0, NULL, 0, NULL, 1, 1),
(5, 'å“ç‰Œæ‹›å•†', 'é¦–é¡µ', 0, 0, NULL, 0, NULL, 1, 1),
(6, 'banner', 'é¦–é¡µ', 0, 0, NULL, 0, NULL, 1, 1),
(7, 'è½®æ˜¾å¹¿å‘Š', 'å±•ä¼šé¡µ', 0, 0, NULL, 0, NULL, 1, 1),
(8, 'ç¬¬äºŒè¡Œ', 'é¦–é¡µ', 0, 0, NULL, 0, NULL, 1, 1),
(9, 'è½®æ˜¾å¹¿å‘Š', 'é¦–é¡µ', 0, 0, NULL, 0, NULL, 1, 1),
(10, 'ç¬¬ä¸€è¡Œ', 'é¦–é¡µ', 0, 0, NULL, 0, NULL, 1, 1),
(11, 'B', 'é¦–é¡µ', 0, 0, NULL, 0, NULL, 1, 1),
(12, 'A', 'é¦–é¡µ', 0, 0, NULL, 0, NULL, 1, 1),
(13, 'é¦–é¡µ', 'A', 0, 0, NULL, 0, NULL, 1, 1),
(14, 'api', 'A', 0, 0, NULL, 0, NULL, 0, 0),
(15, 'ä¸ºæ‚¨æ¨è', 'api', 0, 0, NULL, 0, NULL, 1, 0),
(16, 'äººæ°”å“ç‰Œ', 'api', 0, 0, NULL, 0, NULL, 1, 0),
(17, 'çŒœä½ å–œæ¬¢', 'api', 0, 0, NULL, 0, NULL, 1, 0),
(49, 'åŠ ç›Ÿèµ„è®¯', 'åŠ ç›Ÿèµ„è®¯', 0, 1, '', 0, '', 1, 1),
(46, 'æ•™è‚²ä¸“åŒº', 'å‘ç°', 0, 1, '', 0, '', 1, 0),
(45, 'ä¼˜è´¨å“ç‰Œ', 'å‘ç°', 0, 1, '', 0, '', 1, 0),
(44, 'å‘ç°', 'A', 0, 1, NULL, 0, NULL, 0, 0),
(28, 'åŠ ç›Ÿæ’è¡Œæ¦œ', 'A', 0, 1, NULL, 0, NULL, 1, 0),
(26, 'banner', 'api', 0, 0, NULL, 0, NULL, 1, 0),
(29, 'çƒ­é—¨è¡Œä¸š', 'A', 0, 1, NULL, 0, NULL, 1, 0),
(30, 'å°ç±»åˆ«åç§°', '', 0, 0, NULL, 0, NULL, 1, 1),
(31, 'é¤é¥®æ’è¡Œæ¦œ', 'åŠ ç›Ÿæ’è¡Œæ¦œ', 0, 1, '/uploadfiles/2019-10/20191018114947342.png', 1, 'å¥½åƒèµšé’±', 1, 1),
(32, 'æ•™è‚²æ’è¡Œæ¦œ', 'åŠ ç›Ÿæ’è¡Œæ¦œ', 0, 1, '/uploadfiles/2019-10/20191018114934320.jpg', 2, 'åå¸ˆå¤–æ•™', 1, 1),
(35, 'åˆ†ç±»-ä¸ºæ‚¨æ¨è', 'A', 0, 0, NULL, 0, NULL, 1, 0),
(36, 'åˆ†ç±»-çƒ­é—¨åˆ†ç±»', 'A', 0, 0, NULL, 0, NULL, 1, 0),
(37, 'æœºå™¨äººæ•™è‚²', 'åˆ†ç±»-ä¸ºæ‚¨æ¨è', 0, 0, '', 8, '', 1, 1),
(38, 'æ•™è‚²', 'åˆ†ç±»-ä¸ºæ‚¨æ¨è', 0, 0, '', 2, '', 1, 1),
(39, 'å°åƒ', 'åˆ†ç±»-ä¸ºæ‚¨æ¨è', 0, 0, '', 3, '', 1, 1),
(40, 'å¿«é¤', 'åˆ†ç±»-ä¸ºæ‚¨æ¨è', 0, 0, '', 4, '', 1, 1),
(41, 'æ•™è‚²', 'åˆ†ç±»-çƒ­é—¨åˆ†ç±»', 0, 0, '', 2, '', 1, 1),
(42, 'åŒ–å¦†', 'åˆ†ç±»-çƒ­é—¨åˆ†ç±»', 0, 0, '', 6, '', 1, 1),
(43, 'å°åƒ', 'åˆ†ç±»-çƒ­é—¨åˆ†ç±»', 0, 0, '', 3, '', 1, 1),
(47, 'å¤§ä¼—ç¾é£Ÿ', 'å‘ç°', 0, 1, '', 0, '', 1, 0),
(48, 'åŠ ç›Ÿèµ„è®¯', 'A', 0, 1, NULL, 0, NULL, 1, 0),
(50, 'ç‰¹è‰²ç¾é£Ÿ', 'çƒ­é—¨è¡Œä¸š', 0, 1, '/uploadfiles/2019-10/20191018121955127.jpg', 1, 'ç›Ÿå¦¹åŠ›è', 1, 1),
(51, 'æ•™è‚²è¾…å¯¼', 'çƒ­é—¨è¡Œä¸š', 0, 1, '/uploadfiles/2019-10/20191018122125861.jpg', 2, 'æœ€çƒ­è¡Œä¸š', 1, 1),
(61, 'é¤é¥®', 'åˆ†ç±»-ä¸ºæ‚¨æ¨è', 0, 0, NULL, 1, NULL, 1, 1),
(60, 'å¿«é¤', 'åˆ†ç±»-çƒ­é—¨åˆ†ç±»', 0, 0, NULL, 4, NULL, 1, 1);

-- --------------------------------------------------------

--
-- è¡¨çš„ç»“æ„ `zzcms_admin`
--

CREATE TABLE IF NOT EXISTS `zzcms_admin` (
  `id` int(11) NOT NULL AUTO_INCREMENT,
  `groupid` int(11) DEFAULT NULL,
  `admin` char(50) DEFAULT NULL,
  `pass` char(50) DEFAULT NULL,
  `logins` int(11) DEFAULT '0',
  `loginip` char(50) DEFAULT NULL,
  `lastlogintime` datetime DEFAULT NULL,
  `showloginip` char(50) DEFAULT NULL,
  `showlogintime` datetime DEFAULT NULL,
  PRIMARY KEY (`id`)
) ENGINE=MyISAM  DEFAULT CHARSET=utf8 AUTO_INCREMENT=2 ;

--
-- è½¬å­˜è¡¨ä¸­çš„æ•°æ® `zzcms_admin`
--

INSERT INTO `zzcms_admin` (`id`, `groupid`, `admin`, `pass`, `logins`, `loginip`, `lastlogintime`, `showloginip`, `showlogintime`) VALUES
(1, 1, 'admin', '21232f297a57a5a743894a0e4a801fc3', 2, '127.0.0.1', '2019-10-15 09:14:26', '127.0.0.1', '2019-10-14 16:44:41');

-- --------------------------------------------------------

--
-- è¡¨çš„ç»“æ„ `zzcms_admingroup`
--

CREATE TABLE IF NOT EXISTS `zzcms_admingroup` (
  `id` int(11) NOT NULL AUTO_INCREMENT,
  `groupname` char(50) DEFAULT NULL,
  `config` varchar(1000) NOT NULL DEFAULT '0',
  PRIMARY KEY (`id`)
) ENGINE=MyISAM  DEFAULT CHARSET=utf8 AUTO_INCREMENT=3 ;

--
-- è½¬å­˜è¡¨ä¸­çš„æ•°æ® `zzcms_admingroup`
--

INSERT INTO `zzcms_admingroup` (`id`, `groupname`, `config`) VALUES
(1, 'è¶…çº§ç®¡ç†å‘˜', 'zs#zs_modify#zs_del#zsclass#zskeyword#dl#dl_add#dl_modify#dl_del#guestbook#zh#zh_add#zh_modify#zh_del#zhclass#zx#zx_add#zx_modify#zx_del#zxclass#zxpinglun#zxtag#pp#pp_modify#pp_del#job#job_modify#job_del#jobclass#special#special_add#special_modify#special_del#specialclass#wangkan#wangkan_add#wangkan_modify#wangkan_del#wangkanclass#baojia#baojia_modify#baojia_del#ask#ask_add#ask_modify#ask_del#askclass#adv#adv_add#adv_modify#adv_del#advclass#adv_user#user#user_modify#user_del#usernoreg#userclass#usergroup#friendlink#friendlink_add#friendlink_modify#friendlink_del#about#about_add#about_modify#about_del#label#label_add#label_modify#label_del#licence#fankui#badusermessage#uploadfiles#sendmessage#sendmail#sendsms#announcement#helps#siteconfig#adminmanage#admingroup'),
(2, 'ç®¡ç†å‘˜(æ¼”ç¤ºç”¨)', 'zs#zs_modify#zskeyword#dl#dl_add#dl_modify#guestbook#zh#zh_add#zh_modify#zx#zx_add#zx_modify#zxpinglun#zxtag#pp#pp_modify#job#job_modify#special#special_add#special_modify#wangkan#wangkan_add#wangkan_modify#baojia#baojia_modify#ask#ask_add#ask_modify#adv#user#usernoreg#friendlink#about#label#licence#fankui#badusermessage#sendmessage#sendmail#sendsms');

-- --------------------------------------------------------

--
-- è¡¨çš„ç»“æ„ `zzcms_answer`
--

CREATE TABLE IF NOT EXISTS `zzcms_answer` (
  `id` int(11) NOT NULL AUTO_INCREMENT,
  `about` int(11) DEFAULT '0',
  `content` longtext,
  `face` char(50) DEFAULT NULL,
  `editor` char(50) DEFAULT NULL,
  `ip` char(50) DEFAULT NULL,
  `sendtime` datetime DEFAULT NULL,
  `caina` tinyint(4) DEFAULT '0',
  `passed` tinyint(4) DEFAULT '0',
  PRIMARY KEY (`id`)
) ENGINE=MyISAM DEFAULT CHARSET=utf8 AUTO_INCREMENT=1 ;

-- --------------------------------------------------------

--
-- è¡¨çš„ç»“æ„ `zzcms_ask`
--

CREATE TABLE IF NOT EXISTS `zzcms_ask` (
  `id` int(11) NOT NULL AUTO_INCREMENT,
  `bigclassid` int(11) DEFAULT NULL,
  `bigclassname` char(50) DEFAULT NULL,
  `smallclassid` int(11) DEFAULT NULL,
  `smallclassname` char(50) DEFAULT NULL,
  `title` char(50) DEFAULT NULL,
  `content` longtext,
  `img` char(255) DEFAULT NULL,
  `jifen` int(11) DEFAULT '0',
  `editor` char(50) DEFAULT NULL,
  `sendtime` datetime DEFAULT NULL,
  `hit` int(11) DEFAULT '0',
  `elite` tinyint(4) DEFAULT '0',
  `typeid` int(11) DEFAULT '0',
  `passed` tinyint(4) DEFAULT '0',
  PRIMARY KEY (`id`),
  KEY `bigclassid` (`bigclassid`)
) ENGINE=MyISAM DEFAULT CHARSET=utf8 AUTO_INCREMENT=1 ;

-- --------------------------------------------------------

--
-- è¡¨çš„ç»“æ„ `zzcms_askclass`
--

CREATE TABLE IF NOT EXISTS `zzcms_askclass` (
  `classid` int(11) NOT NULL AUTO_INCREMENT,
  `parentid` int(11) DEFAULT '0',
  `classname` char(50) DEFAULT NULL,
  `classzm` char(50) DEFAULT NULL,
  `img` char(50) DEFAULT NULL,
  `skin` char(50) DEFAULT NULL,
  `xuhao` int(11) DEFAULT '0',
  `isshow` tinyint(4) DEFAULT '1',
  `title` char(255) DEFAULT NULL,
  `keyword` char(255) DEFAULT NULL,
  `description` char(255) DEFAULT NULL,
  PRIMARY KEY (`classid`)
) ENGINE=MyISAM DEFAULT CHARSET=utf8 AUTO_INCREMENT=1 ;

-- --------------------------------------------------------

--
-- è¡¨çš„ç»“æ„ `zzcms_bad`
--

CREATE TABLE IF NOT EXISTS `zzcms_bad` (
  `id` int(11) NOT NULL AUTO_INCREMENT,
  `username` char(50) DEFAULT NULL,
  `ip` char(50) DEFAULT NULL,
  `dose` char(255) DEFAULT NULL,
  `sendtime` datetime DEFAULT NULL,
  `lockip` tinyint(4) DEFAULT '0',
  PRIMARY KEY (`id`)
) ENGINE=MyISAM DEFAULT CHARSET=utf8 AUTO_INCREMENT=1 ;

-- --------------------------------------------------------

--
-- è¡¨çš„ç»“æ„ `zzcms_baojia`
--

CREATE TABLE IF NOT EXISTS `zzcms_baojia` (
  `id` int(11) NOT NULL AUTO_INCREMENT,
  `classid` tinyint(4) DEFAULT '0',
  `cp` char(50) DEFAULT NULL,
  `province` char(50) DEFAULT NULL,
  `city` char(50) DEFAULT NULL,
  `xiancheng` char(50) DEFAULT NULL,
  `price` char(50) DEFAULT NULL,
  `danwei` char(50) DEFAULT NULL,
  `companyname` char(50) DEFAULT NULL,
  `truename` char(50) DEFAULT NULL,
  `address` char(50) DEFAULT NULL,
  `tel` char(50) DEFAULT NULL,
  `email` char(100) DEFAULT NULL,
  `editor` char(50) DEFAULT NULL,
  `ip` char(50) DEFAULT NULL,
  `sendtime` datetime DEFAULT NULL,
  `hit` int(11) DEFAULT '0',
  `passed` tinyint(4) DEFAULT '0',
  PRIMARY KEY (`id`),
  KEY `province` (`province`,`city`,`xiancheng`),
  KEY `classid` (`classid`)
) ENGINE=MyISAM DEFAULT CHARSET=utf8 AUTO_INCREMENT=1 ;

-- --------------------------------------------------------

--
-- è¡¨çš„ç»“æ„ `zzcms_config`
--

CREATE TABLE IF NOT EXISTS `zzcms_config` (
  `id` int(10) unsigned NOT NULL AUTO_INCREMENT,
  `name` varchar(50) NOT NULL,
  `title` varchar(100) NOT NULL,
  `title_list` varchar(100) DEFAULT NULL COMMENT 'å‰¯æ ‡é¢˜',
  `add_time` int(11) NOT NULL,
  PRIMARY KEY (`id`)
) ENGINE=MyISAM  DEFAULT CHARSET=utf8 COMMENT='ç³»ç»Ÿè®¾ç½®' AUTO_INCREMENT=3 ;

--
-- è½¬å­˜è¡¨ä¸­çš„æ•°æ® `zzcms_config`
--

INSERT INTO `zzcms_config` (`id`, `name`, `title`, `title_list`, `add_time`) VALUES
(1, 'phone1', 'åŠ ç›Ÿç®¡å®¶', '400-0000-0001', 0),
(2, 'phone2', 'å¹¿å‘ŠæŠ•æ”¾', '010-1234-1234', 0);

-- --------------------------------------------------------

--
-- è¡¨çš„ç»“æ„ `zzcms_dl`
--

CREATE TABLE IF NOT EXISTS `zzcms_dl` (
  `id` int(11) NOT NULL AUTO_INCREMENT,
  `classid` tinyint(4) DEFAULT '0',
  `cpid` int(11) DEFAULT '0',
  `cp` char(50) DEFAULT NULL,
  `title` varchar(200) DEFAULT NULL COMMENT 'å‰¯æ ‡é¢˜',
  `photo` varchar(255) DEFAULT NULL COMMENT 'äº§å“å›¾ç‰‡',
  `province` char(50) DEFAULT NULL,
  `city` char(50) DEFAULT NULL,
  `xiancheng` char(50) DEFAULT NULL,
  `content` text COMMENT 'äº§å“è¯¦ç»†ä»‹ç»',
  `company` char(50) DEFAULT NULL,
  `companyname` char(50) DEFAULT NULL,
  `dlsname` char(50) DEFAULT NULL,
  `address` char(255) DEFAULT NULL,
  `tel` char(50) DEFAULT NULL,
  `email` char(100) DEFAULT NULL,
  `editor` char(50) DEFAULT NULL,
  `saver` char(50) DEFAULT NULL,
  `savergroupid` int(11) DEFAULT '0',
  `ip` char(50) DEFAULT NULL,
  `xuhao` int(11) DEFAULT '0' COMMENT 'æ’åºè¶Šå°è¶Šé å‰',
  `sendtime` datetime DEFAULT NULL,
  `hit` int(11) DEFAULT '0',
  `looked` tinyint(4) DEFAULT '0',
  `passed` tinyint(4) DEFAULT '0',
  `del` tinyint(4) DEFAULT '0',
  PRIMARY KEY (`id`),
  KEY `province` (`province`,`city`,`xiancheng`),
  KEY `classid` (`classid`)
) ENGINE=MyISAM  DEFAULT CHARSET=utf8 AUTO_INCREMENT=38 ;

--
-- è½¬å­˜è¡¨ä¸­çš„æ•°æ® `zzcms_dl`
--

INSERT INTO `zzcms_dl` (`id`, `classid`, `cpid`, `cp`, `title`, `photo`, `province`, `city`, `xiancheng`, `content`, `company`, `companyname`, `dlsname`, `address`, `tel`, `email`, `editor`, `saver`, `savergroupid`, `ip`, `xuhao`, `sendtime`, `hit`, `looked`, `passed`, `del`) VALUES
(37, 4, 0, 'ç‚’ç‰›å¥¶', 'ç‚’ç‰›å¥¶ç‚’ç‰›å¥¶ç‚’ç‰›å¥¶', '/uploadfiles/2019-10/20191023042143425.png', 'å¹¿ä¸œ', '', 'å¸‚è¾–åŒº', 'èŒƒå¾·è¨å‘çš„æ²™å‘å¤§å¸ˆå‚…æ‰“åŒæ–¹éƒ½é˜¿èŒƒå¾·è¨', 'ä¸ªäºº', '', 'ç›ŠèŒƒå¾·è¨', 'å‘èŒƒå¾·è¨èŒƒå¾·è¨', '15112212223', '456@456.com', NULL, NULL, 0, NULL, 0, '2019-10-23 12:22:40', 0, 0, 1, 0),
(36, 4, 0, 'å†»ç‰›å¥¶æ½', 'å†»ç‰›å¥¶æ½å†»ç‰›å¥¶æ½å†»ç‰›å¥¶æ½å†»ç‰›å¥¶æ½', '/uploadfiles/2019-10/20191023041909836.jpg', 'å¤©æ´¥', '', '', 'èŒƒå¾·è¨å‘æ‰“èŒƒå¾·è¨å•Š&lt;img alt=&quot;&quot; src=&quot;/uploadfiles/2019-10/20191023041921570.png&quot; style=&quot;width: 70px; height: 70px;&quot; /&gt;&lt;img alt=&quot;&quot; src=&quot;/uploadfiles/2019-10/20191023041934841.png&quot; style=&quot;width: 70px; height: 70px;&quot; /&gt;&lt;img alt=&quot;&quot; src=&quot;/uploadfiles/2019-10/20191023041942726.png&quot; style=&quot;width: 70px; height: 70px;&quot; /&gt;', 'ä¸ªäºº', '', 'éšæ—¶éšåœ°', 'å›½é˜²ç”Ÿçš„ç»™å¯¹æ–¹', '15114444421', '', NULL, NULL, 0, NULL, 0, '2019-10-23 12:20:59', 0, 0, 1, 0),
(26, 7, 0, 'å‘æ”¾å‘æ”¾ä»˜', NULL, NULL, 'å¤©æ´¥', '', NULL, 'å¹¿å¤§å‘å¤§æ°´å‘è¿‡çš„', 'ä¸ªäºº', '', 'fdsaf', 'çš„é£æ´’èŒƒå¾·è¨èŒƒå¾·è¨å•Š', '15118921111', '456@456.com', NULL, NULL, 0, NULL, 0, '2019-10-15 14:46:40', 0, 0, 1, 0),
(27, 7, 0, 'å‘æ”¾å‘æ”¾ä»˜', NULL, NULL, 'å¤©æ´¥', '', NULL, 'å¹¿å¤§å‘å¤§æ°´å‘è¿‡çš„', 'ä¸ªäºº', '', 'fdsaf', 'çš„é£æ´’èŒƒå¾·è¨èŒƒå¾·è¨å•Š', '15118921111', '456@456.com', NULL, NULL, 0, NULL, 0, '2019-10-15 14:46:46', 0, 0, 1, 0),
(28, 8, 0, 'æ”¾åˆ°', NULL, NULL, 'åŒ—äº¬', '', NULL, 'å‘æ´’èŒƒå¾·è¨èŒƒå¾·è¨', 'ä¸ªäºº', '', 'èŒƒå¾·è¨', 'çš„é£æ´’èŒƒå¾·è¨èŒƒå¾·è¨å•Š', '15118921112', '456@456.com', NULL, NULL, 0, NULL, 0, '2019-10-15 14:50:54', 0, 0, 1, 0),
(29, 4, 0, 'å¹¿å‘Šè´¹', '', '/uploadfiles/2019-10/20191023083201348.png', 'åŒ—äº¬', '', NULL, 'å™¶å‘é€æ”¾åˆ°æ˜‚å‘å¤§æ°´çš„é£æ´’å‘é€', 'ä¸ªäºº', '', 'æ»šæ»šæ»š', 'çš„é£æ´’èŒƒå¾·è¨èŒƒå¾·è¨å•Š', '121121111121', '456@456.com', NULL, NULL, 0, NULL, 0, '2019-10-23 16:32:05', 2, 0, 1, 0),
(30, 4, 0, 'å¹¿å‘Šè´¹1', '', '/uploadfiles/2019-10/20191023083147475.jpg', 'åŒ—äº¬', '', NULL, 'å™¶å‘é€æ”¾åˆ°æ˜‚å‘å¤§æ°´çš„é£æ´’å‘é€', 'ä¸ªäºº', '', 'æ»šæ»šæ»š', 'çš„é£æ´’èŒƒå¾·è¨èŒƒå¾·è¨å•Š', '12112111112', '456@456.com', NULL, NULL, 0, NULL, 0, '2019-10-23 16:31:52', 1, 0, 1, 0),
(31, 2, 0, 'å‘é€å™¶å¥¶èŒ¶', 'å§”å±ˆé¢', '/uploadfiles/2019-10/20191015084747913.jpg,/uploadfiles/2019-10/20191015084726413.jpg', 'å¤©æ´¥', '', 'å®æ²³å¿', 'èŒƒå¾·è¨ç»™ç¬¬ä¸‰æ–¹&lt;img alt=&quot;&quot; src=&quot;/uploadfiles/2019-10/20191022120220391.jpg&quot; style=&quot;width: 1081px; height: 1080px;&quot; /&gt;èŒƒå¾·è¨å‘å¤§æ°´å‘å¤§å¦èŒƒå¾·è¨å‘çš„æ´’å‘çš„æ´’&lt;img alt=&quot;&quot; src=&quot;/uploadfiles/2019-10/20191022120236990.png&quot; style=&quot;width: 70px; height: 70px;&quot; /&gt;å‘å¤§æ°´å‘å¤§å¦èŒƒå¾·è¨å‘çš„æ´’fdsaèŒƒå¾·è¨å‘æ‰“&lt;img alt=&quot;&quot; src=&quot;/uploadfiles/2019-10/20191022120248702.png&quot; style=&quot;width: 70px; height: 70px;&quot; /&gt;', 'ä¸ªäºº', '', 'éšæ—¶éšåœ°', 'å›½é˜²ç”Ÿçš„ç»™å¯¹æ–¹', '15114444424', '', NULL, NULL, 0, NULL, 0, '2019-10-22 20:02:53', 112, 0, 1, 0),
(32, 4, 0, 'æ–°å¥¶èŒ¶', 'å¥¶èŒ¶ä¸€å·', '/uploadfiles/2019-10/20191017063016694.png,/uploadfiles/2019-10/20191017063021500.png', 'å¤©æ´¥', 'é™æµ·å¿,å®æ²³å¿', 'è“Ÿå¿', 'èŒƒå¾·è¨èŒƒå¾·è¨èŒƒå¾·è¨é«˜å³°æ‰“', 'ä¸ªäºº', '', 'èŒƒå¾·è¨', '432fdsa', '12321', 'fdsafdas', NULL, NULL, 0, NULL, 0, '2019-10-18 11:24:45', 26, 0, 1, 0),
(33, 4, 0, 'å°å¤–å–', 'è¶…çº§å°å¤–å–', '/uploadfiles/2019-10/20191017074503786.png', 'å†…è’™å¤', 'è¾¾å°”ç½•èŒ‚æ˜å®‰è”åˆæ——,æ˜†éƒ½ä»‘åŒº', 'æ˜†éƒ½ä»‘åŒº', 'å‘å¤§æ°´å‘å¤§å¦è‚¡ä»½ç¬¬ä¸‰ä¸ªFDASF DAS F', 'ä¸ªäºº', '', 'å‘æ´’èŒƒå¾·è¨', 'å‘é€', 'è‚¡ä»½ç¬¬ä¸‰ä¸ª', 'è‚¡ä»½åå¤šä¸ª', NULL, NULL, 0, NULL, 0, '2019-10-18 11:24:24', 138, 0, 1, 0),
(34, 3, 0, 'å¤§å¥¶èŒ¶', 'ä¸€æ¯å¤§å¥¶èŒ¶', '/uploadfiles/2019-10/20191018032539799.jpg,/uploadfiles/2019-10/20191018032543417.png', 'æ²³åŒ—', 'å¤å†¶åŒº,ä¸°å—åŒº,è¿è¥¿å¿,æ»¦å¿,ç‰ç”°å¿', 'ç‰ç”°å¿', 'èŒƒå¾·è¨å‘çš„æ–¹å¤§åŒ–å·¥æ”¾åˆ°æŒç»­å‡ºç°Zä»æ¶¦è‚ºå®‰æ…°æ³•äººä»–æ²Ÿé€šçŸ³æ²¹åŒ–å·¥å®¢æˆ·æ•°é“æ£®è‚¡ä»½å‘è¿‡ç«å‡¤å‡°zsdffdsfdhguttrqewrfrgv', 'ä¸ªäºº', '', 'èŒƒå¾·è¨å‘11111', 'å‘å¤§æ°´å•Š', '18815554462', 'è‚¡ä»½ç¬¬ä¸‰ä¸ªèŒƒå¾·è¨', NULL, NULL, 0, NULL, 0, '2019-10-23 17:03:43', 39, 0, 1, 0),
(35, 4, 0, 'çƒ§çƒ¤åº—', 'ç¾å‘³çƒ§çƒ¤', '/uploadfiles/2019-10/20191018063858364.jpg,/uploadfiles/2019-10/20191018063905654.png', 'è¾½å®', 'è¥¿å²—åŒº,ç”˜äº•å­åŒº', 'ç”˜äº•å­åŒº', 'çˆ±ä¸Šfç­”å¤æ‰“ç®—èŒƒå¾·è¨å‰²å‘ä»£é¦–ç”µé¥­é”…æ‰“æ”¾åˆ°é˜¿èŒƒå¾·è¨åˆšæ¢å¤åˆ°èŠ±æ¸¯é¥­åº—å¥½åˆšå‘çš„', 'å…¬å¸', 'èŒƒå¾·è¨', 'èŒƒå¾·è¨å‘çš„å•Š', 'å‘çš„å•Š', 'èŒƒå¾·è¨', 'èŒƒå¾·è¨', NULL, NULL, 0, NULL, 0, '2019-10-18 16:45:49', 6, 0, 1, 0);

-- --------------------------------------------------------

--
-- è¡¨çš„ç»“æ„ `zzcms_dladvantag`
--

CREATE TABLE IF NOT EXISTS `zzcms_dladvantag` (
  `id` int(10) unsigned NOT NULL AUTO_INCREMENT,
  `title` varchar(30) NOT NULL COMMENT 'æ ‡ç­¾å',
  `xuhao` int(11) DEFAULT '0' COMMENT 'æ’åº',
  `list` varchar(30) DEFAULT NULL,
  `update_time` int(11) NOT NULL COMMENT 'æ›´æ–°æ—¶é—´',
  PRIMARY KEY (`id`)
) ENGINE=MyISAM  DEFAULT CHARSET=utf8 COMMENT='ä»£ç†å•†ä¼˜åŠ¿æ ‡ç­¾' AUTO_INCREMENT=6 ;

--
-- è½¬å­˜è¡¨ä¸­çš„æ•°æ® `zzcms_dladvantag`
--

INSERT INTO `zzcms_dladvantag` (`id`, `title`, `xuhao`, `list`, `update_time`) VALUES
(1, 'åŠ ç›Ÿæ‰¶æŒ', 0, NULL, 1571367958),
(2, 'æ—¶å°šç”Ÿæ´»', 0, NULL, 1571367991),
(3, 'å¨±ä¹ç²¾ç¥', 0, NULL, 1571368007),
(4, 'çœŸäººåœ¨çº¿', 0, NULL, 1571368020),
(5, 'å¼€ä¸šæ˜æ˜Ÿä»£è¨€', 0, NULL, 1571368032);

-- --------------------------------------------------------

--
-- è¡¨çš„ç»“æ„ `zzcms_dlfootprint`
--

CREATE TABLE IF NOT EXISTS `zzcms_dlfootprint` (
  `id` int(10) unsigned NOT NULL AUTO_INCREMENT,
  `did` int(11) NOT NULL COMMENT 'dl ID',
  `uid` int(11) NOT NULL COMMENT 'ç”¨æˆ·id',
  `up_device` tinyint(4) NOT NULL DEFAULT '0' COMMENT 'è®¾å¤‡0ç”µè„‘ 1æ‰‹æœº',
  `add_time` int(11) NOT NULL COMMENT 'æ·»åŠ æ—¶é—´',
  PRIMARY KEY (`id`)
) ENGINE=MyISAM DEFAULT CHARSET=utf8 COMMENT='ç”¨æˆ·è¶³è¿¹' AUTO_INCREMENT=1 ;

-- --------------------------------------------------------

--
-- è¡¨çš„ç»“æ„ `zzcms_dlje`
--

CREATE TABLE IF NOT EXISTS `zzcms_dlje` (
  `id` int(10) unsigned NOT NULL AUTO_INCREMENT,
  `price_min` int(11) DEFAULT NULL COMMENT 'ä»·æ ¼åŒºé—´',
  `xuhao` int(11) DEFAULT '0' COMMENT 'æ’åº',
  `update_time` int(11) NOT NULL COMMENT 'æ›´æ–°æ—¶é—´',
  `status` tinyint(4) DEFAULT '1' COMMENT 'æ˜¯å¦å¯ç”¨',
  `price_max` int(11) DEFAULT NULL,
  PRIMARY KEY (`id`)
) ENGINE=MyISAM  DEFAULT CHARSET=utf8 COMMENT='æŠ•èµ„é‡‘é¢åŒºé—´è¡¨' AUTO_INCREMENT=5 ;

--
-- è½¬å­˜è¡¨ä¸­çš„æ•°æ® `zzcms_dlje`
--

INSERT INTO `zzcms_dlje` (`id`, `price_min`, `xuhao`, `update_time`, `status`, `price_max`) VALUES
(1, 10, 5, 1571292327, 1, 50),
(2, 50, 6, 1571292316, 1, 60),
(3, 0, 0, 1571292381, 1, 10);

-- --------------------------------------------------------

--
-- è¡¨çš„ç»“æ„ `zzcms_dllist`
--

CREATE TABLE IF NOT EXISTS `zzcms_dllist` (
  `id` int(11) unsigned NOT NULL AUTO_INCREMENT,
  `did` int(11) DEFAULT NULL COMMENT 'dl  ID',
  `name` varchar(100) DEFAULT NULL COMMENT 'é¡¹ç›®åç§°',
  `title_list` varchar(100) DEFAULT NULL COMMENT 'ä¸»è¥é¡¹ç›®',
  `reg_time` int(11) DEFAULT NULL COMMENT 'æ³¨å†Œæ—¶é—´',
  `store_num` int(11) DEFAULT NULL COMMENT 'ç›´è¥åº—æ•°é‡',
  `join_num` int(11) DEFAULT NULL COMMENT 'åŠ ç›Ÿæ•°é‡',
  `join_people` int(11) DEFAULT NULL COMMENT 'ç”³è¯·åŠ ç›Ÿäººæ•°',
  `price_min` int(11) DEFAULT NULL COMMENT 'æœ€å°æŠ•èµ„é‡‘é¢',
  `price_max` int(11) NOT NULL COMMENT 'æœ€å¤§æŠ•èµ„é‡‘é¢',
  `dl_tag` varchar(100) DEFAULT NULL COMMENT 'ä»£ç†æ”¯æŒæ ‡ç­¾',
  `dl_advantag` varchar(50) DEFAULT NULL COMMENT 'ä»£ç†ä¼˜åŠ¿æ ‡ç­¾',
  `price_total` int(11) DEFAULT NULL COMMENT 'æŠ•èµ„æ€»èµ„é‡‘',
  `price_list` varchar(255) DEFAULT NULL COMMENT 'èµ„é‡‘ç®€ä»‹',
  `boss_name` varchar(50) DEFAULT NULL COMMENT 'bossåç§°',
  `boss_addr` varchar(100) DEFAULT NULL COMMENT 'bossåœ°å€',
  `boss_birthday` varchar(20) DEFAULT NULL COMMENT 'bossç”Ÿæ—¥',
  `boss_nature` varchar(50) DEFAULT NULL COMMENT 'bossæ€§æ ¼',
  `boss_job` varchar(100) DEFAULT NULL COMMENT 'bossæ›¾ç»åšè¿‡çš„å·¥ä½œ',
  `boss_interst` varchar(100) DEFAULT NULL COMMENT 'bosså…´è¶£',
  `boss_content` text COMMENT 'bossæ¼”è®²',
  `update_time` int(11) NOT NULL COMMENT 'æ›´æ–°æ—¶é—´',
  `status` tinyint(4) DEFAULT '0' COMMENT 'æ˜¯å¦å¯ç”¨',
  PRIMARY KEY (`id`)
) ENGINE=MyISAM  DEFAULT CHARSET=utf8 COMMENT='ä»£ç†ä¿¡æ¯è¯¦ç»†è¡¨' AUTO_INCREMENT=15 ;

--
-- è½¬å­˜è¡¨ä¸­çš„æ•°æ® `zzcms_dllist`
--

INSERT INTO `zzcms_dllist` (`id`, `did`, `name`, `title_list`, `reg_time`, `store_num`, `join_num`, `join_people`, `price_min`, `price_max`, `dl_tag`, `dl_advantag`, `price_total`, `price_list`, `boss_name`, `boss_addr`, `boss_birthday`, `boss_nature`, `boss_job`, `boss_interst`, `boss_content`, `update_time`, `status`) VALUES
(1, 22, 'é¡¹ç›®åç§°', 'é¡¹ç›®1  é¡¹ç›®2  é¡¹ç›®3 é¡¹ç›®4', 2019, NULL, NULL, NULL, 1, 55, '1,2', NULL, 8, '', '', '', '', '', '', '', '', 1571121538, 0),
(2, 28, 'æ‰“å‘çš„æ’’', '123 èŒƒå¾·è¨ 1234 å‘ç»™', 2019, 23, 11, 4213, 2, 15, '1,3', NULL, 8, 'åŠ ç›Ÿ-22-44/å…¥è‚¡-22-11', '', '', '', '', '', '', '', 1571122254, 0),
(3, 29, 'å¤§å¹…åº¦', '111 111 èŒƒå¾·è¨', 1970, 22, 33, 111, 3, 16, '1,3,2', '', 10, 'åŠ ç›Ÿè´¹-2-2/è£…ä¿®-5-6/å…¥è‚¡-3-3', '', '', '', '', '', '', '', 1571819525, 0),
(4, 30, 'å¤§å¹…åº¦2', '111 111 èŒƒå¾·è¨', 1970, 22, 33, 111, 1, 18, '1,3,2', '', 10, 'åŸ¹è®­-8-8/æ‹›æ ‡-9-9', 'å‘é¡ºä¸°è¾¾', '3213', '1999', 'æ·±æ²‰', 'æ€»ç»ç†', 'åƒé›¶é£Ÿ', 'å¤§æ´’èŒƒå¾·è¨å˜è¾¾çš„ æ‰“èŒƒå¾·è¨', 1571819512, 0),
(5, 31, 'æ»šæ»šæ»š æ˜¯æ˜¯æ˜¯2', 'å‘å‘å‘1', 1970, 14, 26, 36, 56, 80, '1,3,2', '', 24, 'åŠ ç›Ÿ1-12-30/åŠ ç›Ÿ2-13-22', 'èŒƒå¾·è¨1', 'è‚¡ä»½ç¬¬ä¸‰ä¸ª1', '1985', 'æ‰“1', 'èŒƒå¾·è¨èŒƒå¾·è¨1', 'çŒçŒçŒçŒ1', 'å‘æ”¾å‘æ”¾ä»˜ä»˜ä»˜ä»˜ä»˜ä»˜ä»˜æ–¹æ³•11231321', 1571745773, 0),
(6, 32, 'å¥¶èŒ¶', 'å¥¶èŒ¶å¥¶èŒ¶', 1970, 33, 55, 4456, 3, 8, '1,2', '1,3,5', 10, 'åŠ ç›Ÿ-10-10/åŠ ç›Ÿ2-10-15', '', '', '', '', '', '', '', 1571369085, 0),
(7, 33, 'å°å¿«é¤', 'ä¸­é¤ æ™šé¤', 1970, 120, 333, 5511, 3, 10, '3,2', '2,4,5', 24, 'ææ–™è´¹-4-4/åŠ ç›Ÿè´¹-20-20', 'çƒŸç«', 'å¤©æ´¥', '1999', 'ä¸çŸ¥', 'ä¸è¯´', 'æ²¡æœ‰', 'éšä¾¿è¯´è¯´å§', 1571369064, 0),
(8, 34, 'å¤§å¥¶èŒ¶', 'å¥¶èŒ¶  é¥®å“  å†»é¥®', 1970, 35, 58, 6465, 2, 8, '3,2', '1,3,4', 10, 'åŠ ç›Ÿ-8-8/è£…ä¿®-2-2', '', '', '', '', '', '', '', 1571821423, 0),
(9, 35, 'è¶…çº§çƒ§çƒ¤', 'çƒ§çƒ¤  å•¤é…’ ç‚¸é¸¡', 1970, 14, 88, 666, 0, 1, '1,2', '1,5', 1, 'åŠ ç›Ÿè´¹-1-1', 'å‘ç”Ÿ', 'å‘ç”Ÿ', '2002', 'å¼€æœ—', 'ceo', 'å¼€è½¦', 'çš„è€ƒè™‘æ’’å¨‡é¾™å·é£ç¬¬ä¸‰æ¬¾å•¦ç†å‘åº—æ‹‰è¨ä¼šè®¡æ³•', 1571388349, 0),
(10, 36, 'éšæ—¶éšåœ°æ»šæ»šæ»š', 'å†»ç‰›å¥¶æ½ å†»ç‰›å¥¶æ½1', 1970, 14, 16, 333, 20, 22, '3,2', '1,3,4', 18, 'åŠ ç›ŸåŸ¹è®­-18-0', '', '', '', '', '', '', '', 1571804459, 0),
(11, 37, 'ç‚’ç‰›å¥¶ ç‚’ç‰›å¥¶1', 'ç‚’ç‰›å¥¶ç‚’ç‰›å¥¶ç‚’ç‰›å¥¶ç‚’ç‰›å¥¶ç‚’ç‰›å¥¶ç‚’ç‰›å¥¶ç‚’ç‰›å¥¶', 1970, 44, 33, 141, 2, 6, '3,2', '1,2', 6, 'åŠ ç›Ÿ-6-0', '', '', '', '', '', '', '', 1571804560, 0),
(12, 23, 'é¡¹ç›®åç§°', 'é¡¹ç›®1  é¡¹ç›®2  é¡¹ç›®3 é¡¹ç›®4', 2019, NULL, NULL, NULL, 1, 55, '1,2', NULL, 8, '', '', '', '', '', '', '', '', 1571121538, 0);

-- --------------------------------------------------------

--
-- è¡¨çš„ç»“æ„ `zzcms_dlmessage`
--

CREATE TABLE IF NOT EXISTS `zzcms_dlmessage` (
  `id` int(11) NOT NULL AUTO_INCREMENT,
  `phone` bigint(20) DEFAULT NULL COMMENT 'æ‰‹æœºå·',
  `title` char(50) DEFAULT NULL,
  `content` varchar(255) DEFAULT NULL,
  `sendtime` int(11) DEFAULT NULL,
  `up_device` tinyint(4) DEFAULT '0' COMMENT 'è®¾å¤‡0ç”µè„‘ 1æ‰‹æœº',
  `editor` char(50) DEFAULT NULL,
  `uid` int(11) DEFAULT '0' COMMENT 'ç”¨æˆ·iD',
  `did` int(11) DEFAULT '0' COMMENT 'ä»£ç†å•†å“iD',
  `username` varchar(50) DEFAULT NULL COMMENT 'ç”¨æˆ·å§“å',
  `sex` tinyint(4) DEFAULT '0' COMMENT 'æ€§åˆ«0å¥³  1ç”·',
  `aid` int(11) DEFAULT '0' COMMENT 'ç®¡ç†å‘˜iD',
  `reply` varchar(255) DEFAULT NULL COMMENT 'å›å¤å†…å®¹',
  `replytime` int(11) DEFAULT NULL COMMENT 'å›å¤æ—¶é—´',
  `state` int(11) NOT NULL DEFAULT '0' COMMENT 'ä¿¡æ¯çŠ¶æ€',
  PRIMARY KEY (`id`)
) ENGINE=MyISAM  DEFAULT CHARSET=utf8 AUTO_INCREMENT=9 ;

--
-- è½¬å­˜è¡¨ä¸­çš„æ•°æ® `zzcms_dlmessage`
--

INSERT INTO `zzcms_dlmessage` (`id`, `phone`, `title`, `content`, `sendtime`, `up_device`, `editor`, `uid`, `did`, `username`, `sex`, `aid`, `reply`, `replytime`, `state`) VALUES
(1, 15118888844, NULL, 'èŒƒå¾·è¨èŒƒå¾·è¨å‘çš„è¯´æ³•', 1571629413, 1, NULL, 1, 32, 'è¾…å¯¼è´¹', 1, 0, NULL, NULL, 0),
(2, 15118888844, NULL, 'èŒƒå¾·è¨èŒƒå¾·è¨å‘çš„è¯´æ³•fdafdsafdsafd', 1571629413, 0, NULL, 1, 33, 'è¾…å¯¼è´¹', 1, 0, NULL, NULL, 3),
(7, 18335903534, NULL, 'æˆ‘æƒ³äº†è§£å°å¤–å–é¡¹ç›®çš„å¼€åº—è¯¦æƒ…ä¸æ–¹æ¡ˆ', 1571813739, 1, NULL, 4, 33, 'æµ‹è¯•', 1, 0, NULL, NULL, 0),
(6, 18335903534, NULL, 'æµ‹è¯•ç‰ˆå†…å®¹', 1571813138, 1, NULL, 4, 31, 'æµ‹è¯•', 1, 0, NULL, NULL, 0),
(8, 15118888844, NULL, 'èŒƒå¾·è¨èŒƒå¾·è¨å‘çš„è¯´æ³•', 1571903741, 1, NULL, 4, 32, 'è¾…å¯¼è´¹', 1, 0, NULL, NULL, 0);

-- --------------------------------------------------------

--
-- è¡¨çš„ç»“æ„ `zzcms_dltag`
--

CREATE TABLE IF NOT EXISTS `zzcms_dltag` (
  `id` int(10) unsigned NOT NULL AUTO_INCREMENT,
  `title` varchar(30) NOT NULL COMMENT 'æ ‡ç­¾å',
  `xuhao` int(11) DEFAULT '0' COMMENT 'æ’åº',
  `list` varchar(30) DEFAULT NULL,
  `update_time` int(11) NOT NULL COMMENT 'æ›´æ–°æ—¶é—´',
  PRIMARY KEY (`id`)
) ENGINE=MyISAM  DEFAULT CHARSET=utf8 COMMENT='ä»£ç†å•†æ ‡ç­¾' AUTO_INCREMENT=4 ;

--
-- è½¬å­˜è¡¨ä¸­çš„æ•°æ® `zzcms_dltag`
--

INSERT INTO `zzcms_dltag` (`id`, `title`, `xuhao`, `list`, `update_time`) VALUES
(1, 'è£…ä¿®æŒ‡å¯¼', 0, NULL, 1571296787),
(2, 'å¸¦åº—åŸ¹è®­', 5, NULL, 1571296836),
(3, 'é€‰å€åŸ¹è®­', 3, NULL, 1571296990);

-- --------------------------------------------------------

--
-- è¡¨çš„ç»“æ„ `zzcms_footprint`
--

CREATE TABLE IF NOT EXISTS `zzcms_footprint` (
  `id` int(10) unsigned NOT NULL AUTO_INCREMENT,
  `did` int(11) NOT NULL COMMENT 'dl ID',
  `uid` int(11) NOT NULL COMMENT 'ç”¨æˆ·id',
  `up_device` tinyint(4) NOT NULL DEFAULT '0' COMMENT 'è®¾å¤‡0ç”µè„‘ 1æ‰‹æœº',
  `add_time` int(11) NOT NULL COMMENT 'æ·»åŠ æ—¶é—´',
  PRIMARY KEY (`id`)
) ENGINE=MyISAM  DEFAULT CHARSET=utf8 COMMENT='ç”¨æˆ·è¶³è¿¹' AUTO_INCREMENT=18 ;

--
-- è½¬å­˜è¡¨ä¸­çš„æ•°æ® `zzcms_footprint`
--

INSERT INTO `zzcms_footprint` (`id`, `did`, `uid`, `up_device`, `add_time`) VALUES
(17, 34, 4, 1, 1571903775),
(16, 29, 4, 1, 1571821437),
(15, 32, 4, 1, 1571821392),
(14, 35, 4, 1, 1571884525),
(13, 33, 1, 1, 1571817790),
(12, 34, 1, 1, 1571817805),
(11, 33, 4, 1, 1571885897),
(8, 34, 2, 1, 1571725025),
(10, 31, 4, 1, 1571882892);

-- --------------------------------------------------------

--
-- è¡¨çš„ç»“æ„ `zzcms_guestbook`
--

CREATE TABLE IF NOT EXISTS `zzcms_guestbook` (
  `id` int(11) NOT NULL AUTO_INCREMENT,
  `title` char(50) DEFAULT NULL,
  `content` longtext,
  `sendtime` datetime DEFAULT NULL,
  `linkmen` char(50) DEFAULT NULL,
  `phone` char(50) DEFAULT NULL,
  `email` char(100) DEFAULT NULL,
  `saver` char(50) DEFAULT NULL,
  `looked` tinyint(4) DEFAULT '0',
  `passed` tinyint(4) DEFAULT '0',
  PRIMARY KEY (`id`)
) ENGINE=MyISAM DEFAULT CHARSET=utf8 AUTO_INCREMENT=1 ;

-- --------------------------------------------------------

--
-- è¡¨çš„ç»“æ„ `zzcms_help`
--

CREATE TABLE IF NOT EXISTS `zzcms_help` (
  `id` int(11) NOT NULL AUTO_INCREMENT,
  `classid` int(11) DEFAULT NULL,
  `title` char(50) DEFAULT NULL,
  `content` longtext,
  `img` char(255) DEFAULT NULL,
  `elite` tinyint(4) DEFAULT '0',
  `sendtime` datetime DEFAULT NULL,
  PRIMARY KEY (`id`)
) ENGINE=MyISAM DEFAULT CHARSET=utf8 AUTO_INCREMENT=1 ;

-- --------------------------------------------------------

--
-- è¡¨çš„ç»“æ„ `zzcms_job`
--

CREATE TABLE IF NOT EXISTS `zzcms_job` (
  `id` int(11) NOT NULL AUTO_INCREMENT,
  `bigclassid` int(11) DEFAULT '0',
  `bigclassname` char(50) DEFAULT NULL,
  `smallclassid` int(11) DEFAULT '0',
  `smallclassname` char(50) DEFAULT NULL,
  `jobname` char(50) DEFAULT NULL,
  `province` char(50) DEFAULT NULL,
  `city` char(50) DEFAULT NULL,
  `xiancheng` char(50) DEFAULT NULL,
  `sm` varchar(1000) DEFAULT NULL,
  `editor` char(50) DEFAULT NULL,
  `comane` char(50) DEFAULT NULL,
  `userid` int(11) DEFAULT '0',
  `sendtime` datetime DEFAULT NULL,
  `hit` int(11) DEFAULT '0',
  `passed` tinyint(4) NOT NULL DEFAULT '0',
  PRIMARY KEY (`id`)
) ENGINE=MyISAM DEFAULT CHARSET=utf8 AUTO_INCREMENT=1 ;

-- --------------------------------------------------------

--
-- è¡¨çš„ç»“æ„ `zzcms_jobclass`
--

CREATE TABLE IF NOT EXISTS `zzcms_jobclass` (
  `classid` int(11) NOT NULL AUTO_INCREMENT,
  `classname` char(50) DEFAULT NULL,
  `parentid` int(11) DEFAULT '0',
  `classzm` char(50) DEFAULT NULL,
  `img` char(50) DEFAULT NULL,
  `skin` char(50) DEFAULT NULL,
  `title` char(255) DEFAULT NULL,
  `keyword` char(255) DEFAULT NULL,
  `description` char(255) DEFAULT NULL,
  `xuhao` int(11) DEFAULT '0',
  `isshow` tinyint(4) DEFAULT '0',
  PRIMARY KEY (`classid`)
) ENGINE=MyISAM DEFAULT CHARSET=utf8 AUTO_INCREMENT=1 ;

-- --------------------------------------------------------

--
-- è¡¨çš„ç»“æ„ `zzcms_licence`
--

CREATE TABLE IF NOT EXISTS `zzcms_licence` (
  `id` int(11) NOT NULL AUTO_INCREMENT,
  `title` char(50) DEFAULT NULL,
  `img` char(255) DEFAULT NULL,
  `editor` char(50) DEFAULT NULL,
  `sendtime` datetime DEFAULT NULL,
  `passed` tinyint(4) NOT NULL DEFAULT '0',
  PRIMARY KEY (`id`)
) ENGINE=MyISAM DEFAULT CHARSET=utf8 AUTO_INCREMENT=1 ;

-- --------------------------------------------------------

--
-- è¡¨çš„ç»“æ„ `zzcms_link`
--

CREATE TABLE IF NOT EXISTS `zzcms_link` (
  `id` int(11) NOT NULL AUTO_INCREMENT,
  `bigclassid` int(11) DEFAULT '0',
  `sitename` char(50) DEFAULT NULL,
  `url` char(255) DEFAULT NULL,
  `content` char(255) DEFAULT NULL,
  `sendtime` datetime DEFAULT NULL,
  `logo` char(255) DEFAULT NULL,
  `elite` tinyint(4) DEFAULT '0',
  `passed` tinyint(4) DEFAULT '0',
  PRIMARY KEY (`id`)
) ENGINE=MyISAM DEFAULT CHARSET=utf8 AUTO_INCREMENT=1 ;

-- --------------------------------------------------------

--
-- è¡¨çš„ç»“æ„ `zzcms_linkclass`
--

CREATE TABLE IF NOT EXISTS `zzcms_linkclass` (
  `classid` int(11) NOT NULL AUTO_INCREMENT,
  `classname` char(50) DEFAULT NULL,
  `xuhao` int(11) NOT NULL DEFAULT '0',
  PRIMARY KEY (`classid`)
) ENGINE=MyISAM  DEFAULT CHARSET=utf8 AUTO_INCREMENT=3 ;

--
-- è½¬å­˜è¡¨ä¸­çš„æ•°æ® `zzcms_linkclass`
--

INSERT INTO `zzcms_linkclass` (`classid`, `classname`, `xuhao`) VALUES
(1, 'åˆä½œç½‘ç«™', 0),
(2, 'å‹é“¾ç½‘ç«™', 0);

-- --------------------------------------------------------

--
-- è¡¨çš„ç»“æ„ `zzcms_login_times`
--

CREATE TABLE IF NOT EXISTS `zzcms_login_times` (
  `id` int(11) NOT NULL AUTO_INCREMENT,
  `ip` char(50) DEFAULT NULL,
  `count` int(11) DEFAULT '0',
  `sendtime` datetime DEFAULT NULL,
  PRIMARY KEY (`id`)
) ENGINE=MyISAM DEFAULT CHARSET=utf8 AUTO_INCREMENT=1 ;

-- --------------------------------------------------------

--
-- è¡¨çš„ç»“æ„ `zzcms_looked_dls`
--

CREATE TABLE IF NOT EXISTS `zzcms_looked_dls` (
  `id` int(11) NOT NULL AUTO_INCREMENT,
  `dlsid` int(11) DEFAULT NULL,
  `username` char(50) DEFAULT NULL,
  PRIMARY KEY (`id`)
) ENGINE=MyISAM DEFAULT CHARSET=utf8 AUTO_INCREMENT=1 ;

-- --------------------------------------------------------

--
-- è¡¨çš„ç»“æ„ `zzcms_looked_dls_number_oneday`
--

CREATE TABLE IF NOT EXISTS `zzcms_looked_dls_number_oneday` (
  `id` int(11) NOT NULL AUTO_INCREMENT,
  `looked_dls_number_oneday` int(11) DEFAULT NULL,
  `username` char(50) DEFAULT NULL,
  `sendtime` datetime DEFAULT NULL,
  PRIMARY KEY (`id`)
) ENGINE=MyISAM DEFAULT CHARSET=utf8 AUTO_INCREMENT=1 ;

-- --------------------------------------------------------

--
-- è¡¨çš„ç»“æ„ `zzcms_main`
--

CREATE TABLE IF NOT EXISTS `zzcms_main` (
  `id` int(4) NOT NULL AUTO_INCREMENT,
  `proname` char(50) DEFAULT NULL,
  `link` char(255) DEFAULT NULL,
  `szm` char(100) DEFAULT NULL,
  `prouse` char(255) DEFAULT NULL,
  `procompany` char(50) DEFAULT NULL,
  `tz` char(25) DEFAULT NULL,
  `sm` text,
  `xuhao` int(4) DEFAULT NULL,
  `bigclassid` tinyint(4) DEFAULT '0',
  `smallclassid` tinyint(4) DEFAULT '0',
  `smallclassids` char(50) DEFAULT NULL,
  `img` char(255) DEFAULT NULL,
  `flv` char(255) DEFAULT NULL,
  `province` char(50) DEFAULT NULL,
  `city` char(50) DEFAULT NULL,
  `xiancheng` char(50) DEFAULT NULL,
  `province_user` char(50) DEFAULT NULL,
  `city_user` char(50) DEFAULT NULL,
  `xiancheng_user` char(50) DEFAULT NULL,
  `zc` char(255) DEFAULT NULL,
  `yq` char(255) DEFAULT NULL,
  `other` char(255) DEFAULT NULL,
  `shuxing_value` char(255) DEFAULT NULL,
  `sendtime` datetime DEFAULT NULL,
  `timefororder` char(50) DEFAULT NULL,
  `editor` char(50) DEFAULT NULL,
  `elitestarttime` datetime DEFAULT NULL,
  `eliteendtime` datetime DEFAULT NULL,
  `title` char(255) DEFAULT NULL,
  `keywords` char(255) DEFAULT NULL,
  `description` char(255) DEFAULT NULL,
  `refresh` int(11) DEFAULT '0',
  `hit` int(11) DEFAULT '0',
  `elite` tinyint(4) DEFAULT '0',
  `passed` tinyint(4) DEFAULT '0',
  `userid` int(11) DEFAULT '0',
  `comane` char(255) DEFAULT NULL,
  `qq` char(50) DEFAULT NULL,
  `groupid` int(11) DEFAULT '0',
  `renzheng` tinyint(4) DEFAULT '0',
  `ppid` int(11) DEFAULT '0',
  `gjzpm` tinyint(4) DEFAULT '0',
  `tag` char(255) DEFAULT NULL,
  `skin` char(25) DEFAULT NULL,
  PRIMARY KEY (`id`),
  KEY `province` (`province`,`city`,`xiancheng`),
  KEY `bigclassid` (`bigclassid`)
) ENGINE=MyISAM DEFAULT CHARSET=utf8 AUTO_INCREMENT=1 ;

-- --------------------------------------------------------

--
-- è¡¨çš„ç»“æ„ `zzcms_message`
--

CREATE TABLE IF NOT EXISTS `zzcms_message` (
  `id` int(11) NOT NULL AUTO_INCREMENT,
  `title` char(50) DEFAULT NULL,
  `content` char(255) DEFAULT NULL,
  `sendtime` datetime DEFAULT NULL,
  `sendto` char(50) NOT NULL,
  `looked` tinyint(4) NOT NULL DEFAULT '0',
  PRIMARY KEY (`id`)
) ENGINE=MyISAM DEFAULT CHARSET=utf8 AUTO_INCREMENT=1 ;

-- --------------------------------------------------------

--
-- è¡¨çš„ç»“æ„ `zzcms_msg`
--

CREATE TABLE IF NOT EXISTS `zzcms_msg` (
  `id` int(11) NOT NULL AUTO_INCREMENT,
  `content` varchar(1000) NOT NULL,
  `elite` tinyint(4) NOT NULL DEFAULT '0',
  PRIMARY KEY (`id`)
) ENGINE=MyISAM DEFAULT CHARSET=utf8 AUTO_INCREMENT=1 ;

-- --------------------------------------------------------

--
-- è¡¨çš„ç»“æ„ `zzcms_pay`
--

CREATE TABLE IF NOT EXISTS `zzcms_pay` (
  `id` int(11) NOT NULL AUTO_INCREMENT,
  `username` char(50) DEFAULT NULL,
  `dowhat` char(50) DEFAULT NULL,
  `RMB` char(50) DEFAULT '0',
  `mark` char(255) DEFAULT NULL,
  `sendtime` datetime NOT NULL,
  PRIMARY KEY (`id`)
) ENGINE=MyISAM  DEFAULT CHARSET=utf8 AUTO_INCREMENT=5 ;

--
-- è½¬å­˜è¡¨ä¸­çš„æ•°æ® `zzcms_pay`
--

INSERT INTO `zzcms_pay` (`id`, `username`, `dowhat`, `RMB`, `mark`, `sendtime`) VALUES
(1, '123456', 'æ¯å¤©ç™»å½•ç”¨é€ç§¯åˆ†', '+10', '', '2019-10-16 11:23:00'),
(2, '123456', 'æ¯å¤©ç™»å½•ç”¨æˆ·ä¸­å¿ƒé€ç§¯åˆ†', '+10', '', '2019-10-17 17:44:22'),
(3, '123456', 'æ¯å¤©ç™»å½•ç”¨æˆ·ä¸­å¿ƒé€ç§¯åˆ†', '+10', '', '2019-10-22 16:48:38'),
(4, '123456', 'æ¯å¤©ç™»å½•ç”¨é€ç§¯åˆ†', '+10', '', '2019-10-23 15:44:08');

-- --------------------------------------------------------

--
-- è¡¨çš„ç»“æ„ `zzcms_pinglun`
--

CREATE TABLE IF NOT EXISTS `zzcms_pinglun` (
  `id` int(11) NOT NULL AUTO_INCREMENT,
  `about` int(11) DEFAULT '0',
  `pid` int(11) DEFAULT '0' COMMENT 'çˆ¶è¯„è®ºid',
  `content` char(255) DEFAULT NULL,
  `face` char(50) DEFAULT NULL,
  `username` char(50) DEFAULT NULL,
  `user_id` int(11) DEFAULT '0' COMMENT 'ç”¨æˆ·id',
  `up_device` tinyint(4) DEFAULT '0' COMMENT '0ç”µè„‘ 1æ‰‹æœº',
  `ip` char(50) DEFAULT NULL,
  `sendtime` datetime DEFAULT NULL,
  `passed` tinyint(4) DEFAULT '0',
  PRIMARY KEY (`id`)
) ENGINE=MyISAM  DEFAULT CHARSET=utf8 AUTO_INCREMENT=13 ;

--
-- è½¬å­˜è¡¨ä¸­çš„æ•°æ® `zzcms_pinglun`
--

INSERT INTO `zzcms_pinglun` (`id`, `about`, `pid`, `content`, `face`, `username`, `user_id`, `up_device`, `ip`, `sendtime`, `passed`) VALUES
(1, 2, 0, 'å‘æ‰“å‘çš„æ’’æ”¾åˆ°èŒƒå¾·è¨', '', 'æœªç™»å½•ç”¨æˆ·', NULL, 0, '127.0.0.1', '2019-10-16 11:26:09', 1),
(2, 5, 0, 'æ–‡ç« å“è®º', '', 'æœªç™»å½•ç”¨æˆ·', 4, 0, '127.0.0.1', '2019-10-21 15:54:22', 1),
(3, 5, 2, 'æ–‡ç« å“è®ºfdsaf', '', 'æœªç™»å½•ç”¨æˆ·', 4, 0, '127.0.0.1', '2019-10-21 15:54:22', 1),
(4, 5, 3, 'æ–‡ç« å“è®ºfdsafsfdaf', '', 'æœªç™»å½•ç”¨æˆ·', 2, 0, '127.0.0.1', '2019-10-21 15:54:22', 1),
(5, 5, 0, 'æ–‡ç« å“è®ºffffff', '', 'æœªç™»å½•ç”¨æˆ·', 4, 0, '127.0.0.1', '2019-10-21 15:54:22', 1),
(6, 16, 0, 'fdsafdsafdsaf', NULL, NULL, 2, 1, NULL, '2019-10-22 10:44:38', 0),
(7, 2, 0, 'fdsafdsafdsaf', NULL, NULL, 2, 1, NULL, '2019-10-22 10:44:54', 0),
(8, 2, 0, 'fdsafdsafdsaf', NULL, NULL, 2, 1, '127.0.0.1', '2019-10-22 10:49:31', 0),
(9, 17, 0, 'è¯´ç‚¹ä»€ä¹ˆå§', NULL, NULL, 4, 1, '192.168.31.196', '2019-10-23 18:34:52', 1),
(10, 17, 0, 'å†æäº¤ä¸€æ¡', NULL, NULL, 4, 1, '192.168.31.196', '2019-10-23 18:35:54', 1),
(11, 17, 0, 'ä¸ºä»€ä¹ˆå‘¢ï¼Œä¸å¼¹æç¤ºæ¡†', NULL, NULL, 4, 1, '192.168.31.196', '2019-10-23 19:29:14', 0),
(12, 17, 0, 'è¿˜è¦å®¡æ ¸ï¼Œæ¸£æ¸£', NULL, NULL, 4, 1, '192.168.31.196', '2019-10-23 19:31:15', 0);

-- --------------------------------------------------------

--
-- è¡¨çš„ç»“æ„ `zzcms_plzan`
--

CREATE TABLE IF NOT EXISTS `zzcms_plzan` (
  `id` int(10) unsigned NOT NULL AUTO_INCREMENT,
  `pid` int(11) NOT NULL COMMENT 'è¯„è®º ID',
  `uid` int(11) NOT NULL COMMENT 'ç”¨æˆ·id',
  `up_device` tinyint(4) NOT NULL DEFAULT '0' COMMENT 'è®¾å¤‡0ç”µè„‘ 1æ‰‹æœº',
  `add_time` int(11) NOT NULL COMMENT 'æ·»åŠ æ—¶é—´',
  PRIMARY KEY (`id`)
) ENGINE=MyISAM  DEFAULT CHARSET=utf8 COMMENT='ç”¨æˆ·è¯„è®ºç‚¹èµ' AUTO_INCREMENT=5 ;

--
-- è½¬å­˜è¡¨ä¸­çš„æ•°æ® `zzcms_plzan`
--

INSERT INTO `zzcms_plzan` (`id`, `pid`, `uid`, `up_device`, `add_time`) VALUES
(3, 3, 1, 1, 1571650384),
(4, 2, 1, 1, 1571650406);

-- --------------------------------------------------------

--
-- è¡¨çš„ç»“æ„ `zzcms_pp`
--

CREATE TABLE IF NOT EXISTS `zzcms_pp` (
  `id` int(11) NOT NULL AUTO_INCREMENT,
  `ppname` char(255) DEFAULT NULL,
  `bigclassid` tinyint(4) DEFAULT '0',
  `smallclassid` tinyint(4) DEFAULT '0',
  `sm` longtext,
  `img` char(255) DEFAULT NULL,
  `sendtime` datetime DEFAULT NULL,
  `editor` char(50) DEFAULT NULL,
  `comane` char(50) DEFAULT NULL,
  `userid` int(11) DEFAULT '0',
  `hit` int(11) DEFAULT '0',
  `passed` tinyint(4) NOT NULL DEFAULT '0',
  PRIMARY KEY (`id`),
  KEY `bigclassid` (`bigclassid`)
) ENGINE=MyISAM DEFAULT CHARSET=utf8 AUTO_INCREMENT=1 ;

-- --------------------------------------------------------

--
-- è¡¨çš„ç»“æ„ `zzcms_sms`
--

CREATE TABLE IF NOT EXISTS `zzcms_sms` (
  `phone` bigint(20) NOT NULL,
  `code` int(11) NOT NULL,
  `add_time` int(11) NOT NULL
) ENGINE=MyISAM DEFAULT CHARSET=utf8;

--
-- è½¬å­˜è¡¨ä¸­çš„æ•°æ® `zzcms_sms`
--

INSERT INTO `zzcms_sms` (`phone`, `code`, `add_time`) VALUES
(15118955544, 429407, 1571709911),
(15118955543, 695824, 1571904138);

-- --------------------------------------------------------

--
-- è¡¨çš„ç»“æ„ `zzcms_special`
--

CREATE TABLE IF NOT EXISTS `zzcms_special` (
  `id` int(11) NOT NULL AUTO_INCREMENT,
  `bigclassid` int(11) DEFAULT NULL,
  `bigclassname` char(50) DEFAULT NULL,
  `smallclassid` int(11) DEFAULT NULL,
  `smallclassname` char(50) DEFAULT NULL,
  `title` char(50) DEFAULT NULL,
  `link` char(255) DEFAULT NULL,
  `laiyuan` char(50) DEFAULT NULL,
  `keywords` char(255) DEFAULT NULL,
  `description` char(255) DEFAULT NULL,
  `content` longtext,
  `img` char(255) DEFAULT NULL,
  `editor` char(50) DEFAULT NULL,
  `sendtime` datetime DEFAULT NULL,
  `hit` int(11) DEFAULT '0',
  `passed` tinyint(4) DEFAULT '0',
  `elite` tinyint(4) DEFAULT '0',
  `groupid` int(11) DEFAULT '1',
  `jifen` int(11) DEFAULT '0',
  PRIMARY KEY (`id`),
  KEY `bigclassid` (`bigclassid`)
) ENGINE=MyISAM DEFAULT CHARSET=utf8 AUTO_INCREMENT=1 ;

-- --------------------------------------------------------

--
-- è¡¨çš„ç»“æ„ `zzcms_specialclass`
--

CREATE TABLE IF NOT EXISTS `zzcms_specialclass` (
  `classid` int(11) NOT NULL AUTO_INCREMENT,
  `classname` char(50) DEFAULT NULL,
  `classzm` char(50) DEFAULT NULL,
  `img` char(50) DEFAULT NULL,
  `skin` char(50) DEFAULT NULL,
  `parentid` int(11) DEFAULT '0',
  `xuhao` int(11) DEFAULT '0',
  `isshow` tinyint(4) DEFAULT '1',
  `title` char(255) DEFAULT NULL,
  `keyword` char(255) DEFAULT NULL,
  `description` char(255) DEFAULT NULL,
  PRIMARY KEY (`classid`)
) ENGINE=MyISAM  DEFAULT CHARSET=utf8 AUTO_INCREMENT=7 ;

--
-- è½¬å­˜è¡¨ä¸­çš„æ•°æ® `zzcms_specialclass`
--

INSERT INTO `zzcms_specialclass` (`classid`, `classname`, `classzm`, `img`, `skin`, `parentid`, `xuhao`, `isshow`, `title`, `keyword`, `description`) VALUES
(1, '2015å¹¿è¥¿è¯äº¤ä¼š', '', '', '', 0, 0, 1, '', '', ''),
(2, 'è®¿è°ˆ', '', '', '', 1, 1, 1, '', '', ''),
(3, 'åä¼ç›´å‡»', '', '', '', 1, 1, 1, '', '', ''),
(4, 'å±•ä¼šç°åœº', '', '', '', 1, 1, 1, '', '', ''),
(5, 'å±•ä¼šç®€ä»‹', '', '', '', 1, 1, 1, '', '', ''),
(6, 'å¤§èƒŒæ™¯å›¾', '', '', '', 1, 1, 1, '', '', '');

-- --------------------------------------------------------

--
-- è¡¨çš„ç»“æ„ `zzcms_tagzs`
--

CREATE TABLE IF NOT EXISTS `zzcms_tagzs` (
  `id` int(11) NOT NULL AUTO_INCREMENT,
  `keyword` char(50) DEFAULT NULL,
  `url` char(50) DEFAULT NULL,
  `xuhao` int(11) NOT NULL DEFAULT '0',
  PRIMARY KEY (`id`)
) ENGINE=MyISAM DEFAULT CHARSET=utf8 AUTO_INCREMENT=1 ;

-- --------------------------------------------------------

--
-- è¡¨çš„ç»“æ„ `zzcms_tagzx`
--

CREATE TABLE IF NOT EXISTS `zzcms_tagzx` (
  `id` int(11) NOT NULL AUTO_INCREMENT,
  `xuhao` int(11) DEFAULT '0',
  `keyword` char(50) DEFAULT NULL,
  `url` char(50) DEFAULT NULL,
  PRIMARY KEY (`id`)
) ENGINE=MyISAM DEFAULT CHARSET=utf8 AUTO_INCREMENT=1 ;

-- --------------------------------------------------------

--
-- è¡¨çš„ç»“æ„ `zzcms_textadv`
--

CREATE TABLE IF NOT EXISTS `zzcms_textadv` (
  `id` int(11) NOT NULL AUTO_INCREMENT,
  `adv` char(50) DEFAULT NULL,
  `company` char(50) NOT NULL,
  `advlink` char(50) DEFAULT NULL,
  `img` char(255) DEFAULT NULL,
  `username` char(50) DEFAULT NULL,
  `gxsj` datetime DEFAULT NULL,
  `newsid` int(11) NOT NULL DEFAULT '0',
  `passed` tinyint(4) NOT NULL DEFAULT '0',
  PRIMARY KEY (`id`),
  UNIQUE KEY `adv` (`adv`)
) ENGINE=MyISAM DEFAULT CHARSET=utf8 AUTO_INCREMENT=1 ;

-- --------------------------------------------------------

--
-- è¡¨çš„ç»“æ„ `zzcms_user`
--

CREATE TABLE IF NOT EXISTS `zzcms_user` (
  `id` int(11) NOT NULL AUTO_INCREMENT,
  `username` char(50) NOT NULL,
  `password` char(50) NOT NULL,
  `passwordtrue` char(50) DEFAULT NULL,
  `qqid` char(50) DEFAULT NULL,
  `email` char(100) DEFAULT NULL,
  `sex` char(50) DEFAULT NULL,
  `comane` char(50) DEFAULT NULL,
  `content` longtext,
  `bigclassid` int(11) DEFAULT '0',
  `smallclassid` int(11) DEFAULT '0',
  `province` char(50) DEFAULT NULL,
  `city` char(50) DEFAULT NULL,
  `xiancheng` char(50) DEFAULT NULL,
  `img` char(255) DEFAULT NULL,
  `flv` char(255) DEFAULT NULL,
  `address` char(100) DEFAULT NULL,
  `somane` char(50) DEFAULT NULL,
  `diyname` varchar(30) DEFAULT NULL COMMENT 'ç”¨æˆ·æ˜µç§°',
  `phone` char(50) DEFAULT NULL,
  `mobile` char(50) DEFAULT NULL,
  `fox` char(50) DEFAULT NULL,
  `qq` char(50) DEFAULT NULL,
  `regdate` datetime DEFAULT NULL,
  `loginip` char(50) DEFAULT NULL,
  `logins` int(11) NOT NULL DEFAULT '0',
  `homepage` char(50) DEFAULT NULL,
  `lastlogintime` datetime DEFAULT NULL,
  `lockuser` tinyint(4) NOT NULL DEFAULT '0',
  `groupid` int(11) NOT NULL DEFAULT '1',
  `totleRMB` int(11) NOT NULL DEFAULT '0',
  `startdate` datetime DEFAULT NULL,
  `enddate` datetime DEFAULT NULL,
  `showloginip` char(50) DEFAULT NULL,
  `showlogintime` datetime DEFAULT NULL,
  `elite` tinyint(4) NOT NULL DEFAULT '0',
  `renzheng` tinyint(4) NOT NULL DEFAULT '0',
  `usersf` char(20) DEFAULT NULL,
  `passed` tinyint(4) NOT NULL DEFAULT '0',
  PRIMARY KEY (`id`)
) ENGINE=MyISAM  DEFAULT CHARSET=utf8 AUTO_INCREMENT=9 ;

--
-- è½¬å­˜è¡¨ä¸­çš„æ•°æ® `zzcms_user`
--

INSERT INTO `zzcms_user` (`id`, `username`, `password`, `passwordtrue`, `qqid`, `email`, `sex`, `comane`, `content`, `bigclassid`, `smallclassid`, `province`, `city`, `xiancheng`, `img`, `flv`, `address`, `somane`, `diyname`, `phone`, `mobile`, `fox`, `qq`, `regdate`, `loginip`, `logins`, `homepage`, `lastlogintime`, `lockuser`, `groupid`, `totleRMB`, `startdate`, `enddate`, `showloginip`, `showlogintime`, `elite`, `renzheng`, `usersf`, `passed`) VALUES
(1, '123456', 'e10adc3949ba59abbe56e057f20f883e', '123456', '', '123@123.com', '1', '', '', 0, 0, '', '', '', '', '', '', 'çœŸå1', '123213', '15118955544', '', '', '', '2019-10-23 15:48:44', '127.0.0.1', 5, '', '2019-10-23 19:19:50', 0, 1, 90, NULL, NULL, '127.0.0.1', '2019-10-23 15:44:18', 0, 0, 'ä¸ªäºº', 1),
(2, 'zhangsan', 'e10adc3949ba59abbe56e057f20f883e', '123456', NULL, NULL, '0', NULL, NULL, 0, 0, NULL, NULL, NULL, NULL, NULL, NULL, NULL, NULL, '15118955543', NULL, NULL, NULL, '2019-10-22 16:47:08', NULL, 0, NULL, NULL, 0, 0, 0, NULL, NULL, NULL, NULL, 0, 0, NULL, 0),
(3, 'zhangsan1', 'e10adc3949ba59abbe56e057f20f883e', '123456', NULL, 'fdsafd@wq.com', NULL, NULL, NULL, 0, 0, NULL, NULL, NULL, NULL, NULL, NULL, 'zhangsan', NULL, '15118888888', NULL, NULL, NULL, '2019-10-22 16:47:08', NULL, 0, NULL, NULL, 0, 0, 0, NULL, NULL, NULL, NULL, 0, 0, 'ä¸ªäºº', 0),
(4, 'ceshi', 'e10adc3949ba59abbe56e057f20f883e', '123456', NULL, '798812201@qq.com', '1', NULL, NULL, 0, 0, NULL, NULL, NULL, '/uploadfiles/2019-10/20191016095442598.png', NULL, NULL, 'çœŸçš„å¤§ä½¬', 'ä¸€ä¸ªå¤§ä½¬', '18335903534', NULL, NULL, NULL, '2019-10-22 16:40:15', NULL, 0, NULL, NULL, 0, 0, 0, NULL, NULL, NULL, '2019-10-24 16:04:53', 0, 0, 'ä¸ªäºº', 0),
(6, 'lisi', 'e10adc3949ba59abbe56e057f20f883e', '123456', NULL, 'fdsafd@wq.com', NULL, NULL, NULL, 0, 0, NULL, NULL, NULL, NULL, NULL, NULL, 'zhangsan', 'ç”¨æˆ·1006', '15118888889', NULL, NULL, NULL, '2019-10-22 16:47:08', NULL, 0, NULL, NULL, 0, 0, 0, NULL, NULL, NULL, NULL, 0, 0, 'ä¸ªäºº', 0),
(7, 'lisi1', 'e10adc3949ba59abbe56e057f20f883e', '123456', NULL, 'fdsafd@wq.com', NULL, NULL, NULL, 0, 0, NULL, NULL, NULL, NULL, NULL, NULL, 'zhangsan', 'ç”¨æˆ·101007', '15118888887', NULL, NULL, NULL, '2019-10-22 16:47:08', NULL, 0, NULL, NULL, 0, 0, 0, NULL, NULL, NULL, NULL, 0, 0, 'ä¸ªäºº', 0),
(8, 'wangwu', 'e10adc3949ba59abbe56e057f20f883e', '123456', NULL, 'fdsafd@wq.com', NULL, NULL, NULL, 0, 0, NULL, NULL, NULL, NULL, NULL, NULL, 'zhangsan', 'ç”¨æˆ·101008', '15118888886', NULL, NULL, NULL, '2019-10-22 16:47:08', NULL, 0, NULL, NULL, 0, 0, 0, NULL, NULL, NULL, NULL, 0, 0, 'ä¸ªäºº', 0);

-- --------------------------------------------------------

--
-- è¡¨çš„ç»“æ„ `zzcms_userclass`
--

CREATE TABLE IF NOT EXISTS `zzcms_userclass` (
  `classid` int(11) NOT NULL AUTO_INCREMENT,
  `parentid` int(11) DEFAULT '0',
  `classname` char(50) NOT NULL,
  `classzm` char(50) DEFAULT NULL,
  `img` char(50) DEFAULT NULL,
  `skin` char(50) DEFAULT NULL,
  `title` char(255) DEFAULT NULL,
  `keyword` char(255) DEFAULT NULL,
  `description` char(255) DEFAULT NULL,
  `isshow` tinyint(4) DEFAULT '0',
  `xuhao` int(11) NOT NULL DEFAULT '0',
  PRIMARY KEY (`classid`)
) ENGINE=MyISAM  DEFAULT CHARSET=utf8 AUTO_INCREMENT=6 ;

--
-- è½¬å­˜è¡¨ä¸­çš„æ•°æ® `zzcms_userclass`
--

INSERT INTO `zzcms_userclass` (`classid`, `parentid`, `classname`, `classzm`, `img`, `skin`, `title`, `keyword`, `description`, `isshow`, `xuhao`) VALUES
(1, 0, 'ç”Ÿäº§å•ä½', '', '', '', '', '', '', 1, 0),
(2, 0, 'ç»é”€å•ä½', '', '', '', '', '', '', 1, 0),
(4, 0, 'å±•ä¼šæ‰¿åŠå•ä½', '', '', '', '', '', '', 1, 0),
(5, 0, 'å…¶å®ƒç›¸å…³è¡Œä¸š', '', '', '', '', '', '', 1, 0);

-- --------------------------------------------------------

--
-- è¡¨çš„ç»“æ„ `zzcms_usercollect`
--

CREATE TABLE IF NOT EXISTS `zzcms_usercollect` (
  `id` int(10) unsigned NOT NULL AUTO_INCREMENT,
  `did` int(11) NOT NULL COMMENT 'dl ID',
  `uid` int(11) NOT NULL COMMENT 'ç”¨æˆ·id',
  `up_device` tinyint(4) NOT NULL DEFAULT '0' COMMENT 'è®¾å¤‡0ç”µè„‘ 1æ‰‹æœº',
  `add_time` int(11) NOT NULL COMMENT 'æ·»åŠ æ—¶é—´',
  PRIMARY KEY (`id`)
) ENGINE=MyISAM  DEFAULT CHARSET=utf8 COMMENT='ç”¨æˆ·æ”¶è—' AUTO_INCREMENT=22 ;

--
-- è½¬å­˜è¡¨ä¸­çš„æ•°æ® `zzcms_usercollect`
--

INSERT INTO `zzcms_usercollect` (`id`, `did`, `uid`, `up_device`, `add_time`) VALUES
(3, 31, 1, 1, 1571389956),
(4, 30, 1, 1, 1571390393),
(5, 32, 1, 1, 1571639518),
(18, 35, 4, 1, 1571821184),
(9, 8, 4, 1, 1571811355),
(13, 31, 4, 1, 1571812483),
(21, 23, 4, 1, 1571903754),
(17, 32, 4, 1, 1571821130);

-- --------------------------------------------------------

--
-- è¡¨çš„ç»“æ„ `zzcms_userdomain`
--

CREATE TABLE IF NOT EXISTS `zzcms_userdomain` (
  `id` int(11) NOT NULL AUTO_INCREMENT,
  `username` char(50) DEFAULT NULL,
  `domain` char(50) DEFAULT NULL,
  `passed` tinyint(4) DEFAULT '0',
  `del` tinyint(4) DEFAULT '0',
  PRIMARY KEY (`id`)
) ENGINE=MyISAM DEFAULT CHARSET=utf8 AUTO_INCREMENT=1 ;

-- --------------------------------------------------------

--
-- è¡¨çš„ç»“æ„ `zzcms_usergroup`
--

CREATE TABLE IF NOT EXISTS `zzcms_usergroup` (
  `id` int(11) NOT NULL AUTO_INCREMENT,
  `groupid` int(11) NOT NULL DEFAULT '1',
  `groupname` char(50) NOT NULL,
  `grouppic` char(50) NOT NULL,
  `RMB` int(11) NOT NULL DEFAULT '0',
  `config` varchar(1000) NOT NULL DEFAULT '0',
  `looked_dls_number_oneday` int(11) NOT NULL DEFAULT '0',
  `refresh_number` int(11) NOT NULL DEFAULT '0',
  `addinfo_number` int(11) NOT NULL DEFAULT '0',
  `addinfototle_number` int(11) NOT NULL DEFAULT '0',
  PRIMARY KEY (`id`)
) ENGINE=MyISAM  DEFAULT CHARSET=utf8 AUTO_INCREMENT=4 ;

--
-- è½¬å­˜è¡¨ä¸­çš„æ•°æ® `zzcms_usergroup`
--

INSERT INTO `zzcms_usergroup` (`id`, `groupid`, `groupname`, `grouppic`, `RMB`, `config`, `looked_dls_number_oneday`, `refresh_number`, `addinfo_number`, `addinfototle_number`) VALUES
(1, 1, 'æ™®é€šä¼šå‘˜', '/image/level1.gif', 0, 'showad_inzt', 10, 1, 50, 100),
(2, 2, 'vipä¼šå‘˜', '/image/level2.gif', 1999, 'look_dls_data#look_dls_liuyan', 100, 3, 100, 500),
(3, 3, 'é«˜çº§ä¼šå‘˜', '/image/level3.gif', 2999, 'look_dls_data#look_dls_liuyan', 999, 999, 999, 999);

-- --------------------------------------------------------

--
-- è¡¨çš„ç»“æ„ `zzcms_usermessage`
--

CREATE TABLE IF NOT EXISTS `zzcms_usermessage` (
  `id` int(11) NOT NULL AUTO_INCREMENT,
  `phone` bigint(20) DEFAULT NULL COMMENT 'æ‰‹æœºå·',
  `title` char(50) DEFAULT NULL,
  `content` varchar(255) DEFAULT NULL,
  `sendtime` datetime DEFAULT NULL,
  `editor` char(50) DEFAULT NULL,
  `uid` int(11) DEFAULT '0' COMMENT 'ç”¨æˆ·iD',
  `username` varchar(50) DEFAULT NULL COMMENT 'ç”¨æˆ·å§“å',
  `reply` varchar(255) DEFAULT NULL,
  `replytime` datetime DEFAULT NULL,
  PRIMARY KEY (`id`)
) ENGINE=MyISAM  DEFAULT CHARSET=utf8 AUTO_INCREMENT=7 ;

--
-- è½¬å­˜è¡¨ä¸­çš„æ•°æ® `zzcms_usermessage`
--

INSERT INTO `zzcms_usermessage` (`id`, `phone`, `title`, `content`, `sendtime`, `editor`, `uid`, `username`, `reply`, `replytime`) VALUES
(1, NULL, NULL, 'å¥½æ¿€åŠ¨ ä¸çŸ¥é“è¯´ä»€ä¹ˆ', '2019-10-16 11:46:46', '123456', 1, NULL, 'æˆ‘çš„å¤©', '2019-10-16 11:47:09'),
(2, NULL, NULL, 'å†æ¥ä¸€æ¡', '2019-10-16 11:48:27', '123456', 1, NULL, 'è¿˜æ¥', '2019-10-16 11:48:43'),
(3, 15118855544, NULL, 'fdsafdsafda', NULL, NULL, 1, NULL, NULL, NULL),
(4, 15118855544, NULL, 'fdsafdsafda', '0000-00-00 00:00:00', NULL, 1, '1234444', NULL, NULL),
(5, 15118855544, NULL, 'fdsafdsafda', '2019-10-17 20:01:30', NULL, 1, '1234444', NULL, NULL),
(6, 15118855544, NULL, 'fdsafdsafda', '2019-10-24 16:03:18', NULL, 4, '1234444', NULL, NULL);

-- --------------------------------------------------------

--
-- è¡¨çš„ç»“æ„ `zzcms_usernoreg`
--

CREATE TABLE IF NOT EXISTS `zzcms_usernoreg` (
  `id` int(11) NOT NULL AUTO_INCREMENT,
  `usersf` char(50) DEFAULT NULL,
  `username` char(50) NOT NULL,
  `password` char(50) DEFAULT NULL,
  `comane` char(50) DEFAULT NULL,
  `kind` int(11) NOT NULL DEFAULT '0',
  `somane` char(50) DEFAULT NULL,
  `phone` char(50) DEFAULT NULL,
  `email` char(100) DEFAULT NULL,
  `checkcode` char(50) DEFAULT NULL,
  `regdate` datetime NOT NULL,
  PRIMARY KEY (`id`)
) ENGINE=MyISAM DEFAULT CHARSET=utf8 AUTO_INCREMENT=1 ;

-- --------------------------------------------------------

--
-- è¡¨çš„ç»“æ„ `zzcms_usersetting`
--

CREATE TABLE IF NOT EXISTS `zzcms_usersetting` (
  `id` int(11) NOT NULL AUTO_INCREMENT,
  `username` char(50) DEFAULT NULL,
  `skin` char(50) DEFAULT '1',
  `skin_mobile` char(50) DEFAULT '1',
  `tongji` char(255) DEFAULT NULL,
  `baidu_map` char(50) DEFAULT NULL,
  `mobile` char(50) DEFAULT NULL,
  `daohang` char(50) DEFAULT NULL,
  `bannerbg` char(50) DEFAULT NULL,
  `bannerheight` int(11) NOT NULL DEFAULT '160',
  `comanestyle` char(50) DEFAULT NULL,
  `comanecolor` char(50) DEFAULT NULL,
  PRIMARY KEY (`id`)
) ENGINE=MyISAM DEFAULT CHARSET=utf8 AUTO_INCREMENT=1 ;

-- --------------------------------------------------------

--
-- è¡¨çš„ç»“æ„ `zzcms_wangkan`
--

CREATE TABLE IF NOT EXISTS `zzcms_wangkan` (
  `id` int(11) NOT NULL AUTO_INCREMENT,
  `bigclassid` int(11) DEFAULT NULL,
  `title` char(50) DEFAULT NULL,
  `content` longtext,
  `img` char(255) DEFAULT NULL,
  `editor` char(50) DEFAULT NULL,
  `sendtime` datetime DEFAULT NULL,
  `hit` int(11) DEFAULT '0',
  `passed` tinyint(4) DEFAULT '0',
  `elite` tinyint(4) DEFAULT '0',
  PRIMARY KEY (`id`)
) ENGINE=MyISAM DEFAULT CHARSET=utf8 AUTO_INCREMENT=1 ;

-- --------------------------------------------------------

--
-- è¡¨çš„ç»“æ„ `zzcms_wangkanclass`
--

CREATE TABLE IF NOT EXISTS `zzcms_wangkanclass` (
  `classid` int(11) NOT NULL AUTO_INCREMENT,
  `classname` char(50) DEFAULT NULL,
  `xuhao` int(11) DEFAULT '0',
  PRIMARY KEY (`classid`)
) ENGINE=MyISAM DEFAULT CHARSET=utf8 AUTO_INCREMENT=1 ;

-- --------------------------------------------------------

--
-- è¡¨çš„ç»“æ„ `zzcms_zh`
--

CREATE TABLE IF NOT EXISTS `zzcms_zh` (
  `id` int(11) NOT NULL AUTO_INCREMENT,
  `bigclassid` int(11) DEFAULT NULL,
  `title` char(50) DEFAULT NULL,
  `address` char(100) DEFAULT NULL,
  `timestart` datetime DEFAULT NULL,
  `timeend` datetime DEFAULT NULL,
  `content` longtext,
  `editor` char(50) DEFAULT NULL,
  `sendtime` datetime DEFAULT NULL,
  `hit` int(11) DEFAULT '0',
  `passed` tinyint(4) DEFAULT '0',
  `elite` tinyint(4) DEFAULT '0',
  PRIMARY KEY (`id`)
) ENGINE=MyISAM DEFAULT CHARSET=utf8 AUTO_INCREMENT=1 ;

-- --------------------------------------------------------

--
-- è¡¨çš„ç»“æ„ `zzcms_zhclass`
--

CREATE TABLE IF NOT EXISTS `zzcms_zhclass` (
  `classid` int(11) NOT NULL AUTO_INCREMENT,
  `classname` char(50) DEFAULT NULL,
  `xuhao` int(11) DEFAULT '0',
  PRIMARY KEY (`classid`)
) ENGINE=MyISAM DEFAULT CHARSET=utf8 AUTO_INCREMENT=1 ;

-- --------------------------------------------------------

--
-- è¡¨çš„ç»“æ„ `zzcms_zsclass`
--

CREATE TABLE IF NOT EXISTS `zzcms_zsclass` (
  `classid` int(11) NOT NULL AUTO_INCREMENT,
  `parentid` int(11) NOT NULL DEFAULT '0',
  `classname` char(50) NOT NULL,
  `classzm` char(50) DEFAULT NULL,
  `img` char(50) NOT NULL DEFAULT '0',
  `skin` char(50) DEFAULT NULL,
  `xuhao` int(11) NOT NULL DEFAULT '0',
  `title` char(255) DEFAULT NULL,
  `keyword` char(255) DEFAULT NULL,
  `description` char(255) DEFAULT NULL,
  `isshow` tinyint(4) NOT NULL DEFAULT '1',
  `showindex` tinyint(4) DEFAULT '0' COMMENT 'é¦–é¡µå¯¼èˆªæ˜¾ç¤º',
  PRIMARY KEY (`classid`)
) ENGINE=MyISAM  DEFAULT CHARSET=utf8 AUTO_INCREMENT=11 ;

--
-- è½¬å­˜è¡¨ä¸­çš„æ•°æ® `zzcms_zsclass`
--

INSERT INTO `zzcms_zsclass` (`classid`, `parentid`, `classname`, `classzm`, `img`, `skin`, `xuhao`, `title`, `keyword`, `description`, `isshow`, `showindex`) VALUES
(1, 0, 'é¤é¥®', 'canyin', '', 'zs_class.htm|zs_list.htm', 0, 'é¤é¥®', 'é¤é¥®', 'é¤é¥®', 1, 1),
(2, 0, 'æ•™è‚²', 'jiaoyu', '/uploadfiles/2019-10/20191016084259524.png', 'zs_class.htm|zs_list.htm', 0, 'æ•™è‚²', 'æ•™è‚²', 'æ•™è‚²', 1, 1),
(3, 1, 'å°åƒ', 'xiaochi', '/uploadfiles/2019-10/20191016103443573.png', NULL, 4, 'å°åƒ', 'å°åƒ', 'å°åƒ', 1, 1),
(4, 1, 'å¿«é¤', 'kuaican', '/uploadfiles/2019-10/20191016103222746.png', NULL, 0, 'å¿«é¤', 'å¿«é¤', 'å¿«é¤', 1, 1),
(5, 0, 'ç¾å®¹', 'meirong', '/uploadfiles/2019-10/20191016103726300.png', 'zs_class.htm|zs_list.htm', 0, 'ç¾å®¹', 'ç¾å®¹', 'ç¾å®¹', 1, 1),
(6, 5, 'åŒ–å¦†', 'huazhuang', '/uploadfiles/2019-10/20191016103626157.png', NULL, 0, 'åŒ–å¦†', 'åŒ–å¦†', 'åŒ–å¦†', 1, 1),
(7, 5, 'ä¿å…»', 'baoyang', '/uploadfiles/2019-10/20191016103652697.png', NULL, 0, 'ä¿å…»', 'ä¿å…»', 'ä¿å…»', 1, 1),
(8, 2, 'æœºå™¨äºº', 'jiqiren', '/uploadfiles/2019-10/20191016103455697.png', NULL, 0, 'æœºå™¨äºº', 'æœºå™¨äºº', 'æœºå™¨äºº', 1, 1),
(9, 2, 'æ—©æ•™', 'zaojiao', '/uploadfiles/2019-10/20191016103556712.png', NULL, 0, 'æ—©æ•™', 'æ—©æ•™', 'æ—©æ•™', 1, 0),
(10, 0, 'äº”é‡‘', 'wujin', '/uploadfiles/2019-10/20191016083855443.png', 'zs_class.htm|zs_list.htm', 5, 'äº”é‡‘', 'äº”é‡‘', 'äº”é‡‘', 1, 1);

-- --------------------------------------------------------

--
-- è¡¨çš„ç»“æ„ `zzcms_ztad`
--

CREATE TABLE IF NOT EXISTS `zzcms_ztad` (
  `id` int(11) NOT NULL AUTO_INCREMENT,
  `classname` char(50) DEFAULT NULL,
  `title` char(50) DEFAULT NULL,
  `link` char(255) DEFAULT NULL,
  `img` char(255) DEFAULT NULL,
  `editor` char(50) DEFAULT NULL,
  `passed` tinyint(4) DEFAULT '0',
  PRIMARY KEY (`id`)
) ENGINE=MyISAM DEFAULT CHARSET=utf8 AUTO_INCREMENT=1 ;

-- --------------------------------------------------------

--
-- è¡¨çš„ç»“æ„ `zzcms_zx`
--

CREATE TABLE IF NOT EXISTS `zzcms_zx` (
  `id` int(11) NOT NULL AUTO_INCREMENT,
  `bigclassid` int(11) DEFAULT NULL,
  `bigclassname` char(50) DEFAULT NULL,
  `smallclassid` int(11) DEFAULT NULL,
  `smallclassname` char(50) DEFAULT NULL,
  `did` int(11) DEFAULT '0' COMMENT 'å…³è”ä»£ç†äº§å“id',
  `title` char(50) DEFAULT NULL,
  `link` char(255) DEFAULT NULL,
  `laiyuan` char(50) DEFAULT NULL,
  `keywords` char(255) DEFAULT NULL,
  `description` char(255) DEFAULT NULL,
  `content` longtext,
  `img` char(255) DEFAULT NULL,
  `editor` char(50) DEFAULT NULL,
  `sendtime` datetime DEFAULT NULL,
  `hit` int(11) DEFAULT '0',
  `passed` tinyint(4) DEFAULT '0',
  `elite` tinyint(4) DEFAULT '0',
  `groupid` int(11) DEFAULT '1',
  `jifen` int(11) DEFAULT '0',
  PRIMARY KEY (`id`),
  KEY `bigclassid` (`bigclassid`)
) ENGINE=MyISAM  DEFAULT CHARSET=utf8 AUTO_INCREMENT=20 ;

--
-- è½¬å­˜è¡¨ä¸­çš„æ•°æ® `zzcms_zx`
--

INSERT INTO `zzcms_zx` (`id`, `bigclassid`, `bigclassname`, `smallclassid`, `smallclassname`, `did`, `title`, `link`, `laiyuan`, `keywords`, `description`, `content`, `img`, `editor`, `sendtime`, `hit`, `passed`, `elite`, `groupid`, `jifen`) VALUES
(8, 1, 'åŠ ç›Ÿèµ„è®¯', 2, 'åŠ ç›Ÿæ”»ç•¥', 0, 'å†æ¥ä¸€ç¯‡æ–‡ç« ', '', 'å¨ƒå“ˆå“ˆ', 'ä¸‡äº¿å¸‚åœºï¼Œè¶…å¤šå—ä¼—ï¼Œèµšé’±çš„æœºä¼šæ¥äº†ï¼', '', 'èŒƒå¾·è¨èŒƒå¾·è¨èŒƒå¾·è¨&lt;img alt=&quot;&quot; src=&quot;/uploadfiles/2019-10/20191016095442598.png&quot; style=&quot;width: 70px; height: 70px;&quot; /&gt;afå‘å¤§æ°´å‘å¤§å¦èŒƒå¾·è¨å‘æ‰“æ”¾&lt;img alt=&quot;&quot; src=&quot;/uploadfiles/2019-10/20191016095450842.png&quot; style=&quot;width: 70px; height: 70px;&quot; /&gt;åˆ°saæ²™å‘èŒƒå¾·è¨å‘æ‰“ç®—æ”¾åˆ°å‘', '/uploadfiles/2019-10/20191016095442598.png', NULL, '2019-10-16 17:54:59', 52, 1, 0, 0, 0),
(6, 1, 'åŠ ç›Ÿèµ„è®¯', 2, 'åŠ ç›Ÿæ”»ç•¥', 0, 'fdddddd', '', 'å¨ƒå“ˆå“ˆ', 'fdddddd', '', 'fdsafdsadsfdsagsafdsaf fdsa fd afds afdsasdfdafdsasf&lt;img alt=&quot;&quot; src=&quot;/uploadfiles/2019-10/20191022124715141.png&quot; style=&quot;width: 70px; height: 70px;&quot; /&gt;', '/uploadfiles/2019-10/20191022124715141.png', '', '2019-10-23 18:17:50', 0, 1, 0, 0, 0),
(7, 1, 'åŠ ç›Ÿèµ„è®¯', 2, 'åŠ ç›Ÿæ”»ç•¥', 0, 'å†æ¥ä¸€ç¯‡æ–‡ç« ', '', 'å¨ƒå“ˆå“ˆ', 'ä¸‡äº¿å¸‚åœºï¼Œè¶…å¤šå—ä¼—ï¼Œèµšé’±çš„æœºä¼šæ¥äº†ï¼', '', 'èŒƒå¾·è¨èŒƒå¾·è¨èŒƒå¾·è¨&lt;img alt=&quot;&quot; src=&quot;/uploadfiles/2019-10/20191016095442598.png&quot; style=&quot;width: 70px; height: 70px;&quot; /&gt;afå‘å¤§æ°´å‘å¤§å¦èŒƒå¾·è¨å‘æ‰“æ”¾&lt;img alt=&quot;&quot; src=&quot;/uploadfiles/2019-10/20191016095450842.png&quot; style=&quot;width: 70px; height: 70px;&quot; /&gt;åˆ°saæ²™å‘èŒƒå¾·è¨å‘æ‰“ç®—æ”¾åˆ°å‘', '/uploadfiles/2019-10/20191016095442598.png', NULL, '2019-10-16 17:54:59', 50, 1, 0, 0, 0),
(4, 1, 'åŠ ç›Ÿèµ„è®¯', 2, 'åŠ ç›Ÿæ”»ç•¥', 0, 'åˆæ¥ä¸€ç¯‡æ–‡ç« ', '', 'èŒƒå¾·è¨èŒƒå¾·è¨', 'ä¸çŸ¥é“æœ‰ä»€ä¹ˆä¸œè¥¿', '', 'ç»™ç­”å¤çš„å®‰æŠšæ‰“å‘æ‰“æ”¾åˆ°çˆ±ä¸ŠèŒƒå¾·è¨', '', NULL, '2019-10-17 10:30:36', 90, 1, 30, 0, 0),
(5, 1, 'åŠ ç›Ÿèµ„è®¯', 2, 'åŠ ç›Ÿæ”»ç•¥', 0, 'å†æ¥ä¸€ç¯‡æ–‡ç« ', '', 'å¨ƒå“ˆå“ˆ', 'ä¸‡äº¿å¸‚åœºï¼Œè¶…å¤šå—ä¼—ï¼Œèµšé’±çš„æœºä¼šæ¥äº†ï¼', '', 'èŒƒå¾·è¨èŒƒå¾·è¨èŒƒå¾·è¨&lt;img alt=&quot;&quot; src=&quot;/uploadfiles/2019-10/20191016095442598.png&quot; style=&quot;width: 70px; height: 70px;&quot; /&gt;afå‘å¤§æ°´å‘å¤§å¦èŒƒå¾·è¨å‘æ‰“æ”¾&lt;img alt=&quot;&quot; src=&quot;/uploadfiles/2019-10/20191016095450842.png&quot; style=&quot;width: 70px; height: 70px;&quot; /&gt;åˆ°saæ²™å‘èŒƒå¾·è¨å‘æ‰“ç®—æ”¾åˆ°å‘', '/uploadfiles/2019-10/20191016095442598.png', NULL, '2019-10-16 17:54:59', 52, 1, 0, 0, 0),
(19, 1, 'åŠ ç›Ÿèµ„è®¯', 2, 'åŠ ç›Ÿæ”»ç•¥', 0, 'gggggggg', '', 'zzcms', 'gggggggg', '', '&lt;p&gt;\r\n	&lt;img alt=&quot;&quot; src=&quot;/uploadfiles/2019-10/20191023111939577.png&quot; style=&quot;width: 70px; height: 70px;&quot; /&gt;fdsagfdsfdsafdsafdsa&lt;/p&gt;', '/uploadfiles/2019-10/20191023111939577.png', '123456', '2019-10-23 19:19:46', 0, 0, 0, 0, 0),
(9, 1, 'åŠ ç›Ÿèµ„è®¯', 2, 'åŠ ç›Ÿæ”»ç•¥', 0, 'å†æ¥ä¸€ç¯‡æ–‡ç« ', '', 'å¨ƒå“ˆå“ˆ', 'ä¸‡äº¿å¸‚åœºï¼Œè¶…å¤šå—ä¼—ï¼Œèµšé’±çš„æœºä¼šæ¥äº†ï¼', '', 'èŒƒå¾·è¨èŒƒå¾·è¨èŒƒå¾·è¨&lt;img alt=&quot;&quot; src=&quot;/uploadfiles/2019-10/20191016095442598.png&quot; style=&quot;width: 70px; height: 70px;&quot; /&gt;afå‘å¤§æ°´å‘å¤§å¦èŒƒå¾·è¨å‘æ‰“æ”¾&lt;img alt=&quot;&quot; src=&quot;/uploadfiles/2019-10/20191016095450842.png&quot; style=&quot;width: 70px; height: 70px;&quot; /&gt;åˆ°saæ²™å‘èŒƒå¾·è¨å‘æ‰“ç®—æ”¾åˆ°å‘', '/uploadfiles/2019-10/20191016095442598.png', NULL, '2019-10-16 17:54:59', 72, 1, 0, 0, 0),
(10, 1, 'åŠ ç›Ÿèµ„è®¯', 2, 'åŠ ç›Ÿæ”»ç•¥', 0, 'å†æ¥ä¸€ç¯‡æ–‡ç« ', '', 'å¨ƒå“ˆå“ˆ', 'ä¸‡äº¿å¸‚åœºï¼Œè¶…å¤šå—ä¼—ï¼Œèµšé’±çš„æœºä¼šæ¥äº†ï¼', '', 'èŒƒå¾·è¨èŒƒå¾·è¨èŒƒå¾·è¨&lt;img alt=&quot;&quot; src=&quot;/uploadfiles/2019-10/20191016095442598.png&quot; style=&quot;width: 70px; height: 70px;&quot; /&gt;afå‘å¤§æ°´å‘å¤§å¦èŒƒå¾·è¨å‘æ‰“æ”¾&lt;img alt=&quot;&quot; src=&quot;/uploadfiles/2019-10/20191016095450842.png&quot; style=&quot;width: 70px; height: 70px;&quot; /&gt;åˆ°saæ²™å‘èŒƒå¾·è¨å‘æ‰“ç®—æ”¾åˆ°å‘', '/uploadfiles/2019-10/20191016095442598.png', NULL, '2019-10-16 17:54:59', 50, 1, 0, 0, 0),
(11, 1, 'åŠ ç›Ÿèµ„è®¯', 2, 'åŠ ç›Ÿæ”»ç•¥', 0, 'å†æ¥ä¸€ç¯‡æ–‡ç« ', '', 'å¨ƒå“ˆå“ˆ', 'ä¸‡äº¿å¸‚åœºï¼Œè¶…å¤šå—ä¼—ï¼Œèµšé’±çš„æœºä¼šæ¥äº†ï¼', '', 'èŒƒå¾·è¨èŒƒå¾·è¨èŒƒå¾·è¨&lt;img alt=&quot;&quot; src=&quot;/uploadfiles/2019-10/20191016095442598.png&quot; style=&quot;width: 70px; height: 70px;&quot; /&gt;afå‘å¤§æ°´å‘å¤§å¦èŒƒå¾·è¨å‘æ‰“æ”¾&lt;img alt=&quot;&quot; src=&quot;/uploadfiles/2019-10/20191016095450842.png&quot; style=&quot;width: 70px; height: 70px;&quot; /&gt;åˆ°saæ²™å‘èŒƒå¾·è¨å‘æ‰“ç®—æ”¾åˆ°å‘', '/uploadfiles/2019-10/20191016095442598.png', NULL, '2019-10-16 17:54:59', 50, 1, 0, 0, 0),
(12, 1, 'åŠ ç›Ÿèµ„è®¯', 2, 'åŠ ç›Ÿæ”»ç•¥', 0, 'å†æ¥ä¸€ç¯‡æ–‡ç« ', '', 'å¨ƒå“ˆå“ˆ', 'ä¸‡äº¿å¸‚åœºï¼Œè¶…å¤šå—ä¼—ï¼Œèµšé’±çš„æœºä¼šæ¥äº†ï¼', '', 'èŒƒå¾·è¨èŒƒå¾·è¨èŒƒå¾·è¨&lt;img alt=&quot;&quot; src=&quot;/uploadfiles/2019-10/20191016095442598.png&quot; style=&quot;width: 70px; height: 70px;&quot; /&gt;afå‘å¤§æ°´å‘å¤§å¦èŒƒå¾·è¨å‘æ‰“æ”¾&lt;img alt=&quot;&quot; src=&quot;/uploadfiles/2019-10/20191016095450842.png&quot; style=&quot;width: 70px; height: 70px;&quot; /&gt;åˆ°saæ²™å‘èŒƒå¾·è¨å‘æ‰“ç®—æ”¾åˆ°å‘', '/uploadfiles/2019-10/20191016095442598.png', NULL, '2019-10-16 17:54:59', 50, 1, 0, 0, 0),
(13, 1, 'åŠ ç›Ÿèµ„è®¯', 2, 'åŠ ç›Ÿæ”»ç•¥', 0, 'å†æ¥ä¸€ç¯‡æ–‡ç« ', '', 'å¨ƒå“ˆå“ˆ', 'ä¸‡äº¿å¸‚åœºï¼Œè¶…å¤šå—ä¼—ï¼Œèµšé’±çš„æœºä¼šæ¥äº†ï¼', '', 'èŒƒå¾·è¨èŒƒå¾·è¨èŒƒå¾·è¨&lt;img alt=&quot;&quot; src=&quot;/uploadfiles/2019-10/20191016095442598.png&quot; style=&quot;width: 70px; height: 70px;&quot; /&gt;afå‘å¤§æ°´å‘å¤§å¦èŒƒå¾·è¨å‘æ‰“æ”¾&lt;img alt=&quot;&quot; src=&quot;/uploadfiles/2019-10/20191016095450842.png&quot; style=&quot;width: 70px; height: 70px;&quot; /&gt;åˆ°saæ²™å‘èŒƒå¾·è¨å‘æ‰“ç®—æ”¾åˆ°å‘', '/uploadfiles/2019-10/20191016095442598.png', NULL, '2019-10-16 17:54:59', 50, 1, 0, 0, 0),
(14, 1, 'åŠ ç›Ÿèµ„è®¯', 2, 'åŠ ç›Ÿæ”»ç•¥', 0, 'å†æ¥ä¸€ç¯‡æ–‡ç« ', '', 'å¨ƒå“ˆå“ˆ', 'ä¸‡äº¿å¸‚åœºï¼Œè¶…å¤šå—ä¼—ï¼Œèµšé’±çš„æœºä¼šæ¥äº†ï¼', '', 'èŒƒå¾·è¨èŒƒå¾·è¨èŒƒå¾·è¨&lt;img alt=&quot;&quot; src=&quot;/uploadfiles/2019-10/20191016095442598.png&quot; style=&quot;width: 70px; height: 70px;&quot; /&gt;afå‘å¤§æ°´å‘å¤§å¦èŒƒå¾·è¨å‘æ‰“æ”¾&lt;img alt=&quot;&quot; src=&quot;/uploadfiles/2019-10/20191016095450842.png&quot; style=&quot;width: 70px; height: 70px;&quot; /&gt;åˆ°saæ²™å‘èŒƒå¾·è¨å‘æ‰“ç®—æ”¾åˆ°å‘', '/uploadfiles/2019-10/20191016095442598.png', NULL, '2019-10-16 17:54:59', 50, 1, 0, 0, 0),
(15, 1, 'åŠ ç›Ÿèµ„è®¯', 2, 'åŠ ç›Ÿæ”»ç•¥', 0, 'å†æ¥ä¸€ç¯‡æ–‡ç« ', '', 'å¨ƒå“ˆå“ˆ', 'ä¸‡äº¿å¸‚åœºï¼Œè¶…å¤šå—ä¼—ï¼Œèµšé’±çš„æœºä¼šæ¥äº†ï¼', '', 'èŒƒå¾·è¨èŒƒå¾·è¨èŒƒå¾·è¨&lt;img alt=&quot;&quot; src=&quot;/uploadfiles/2019-10/20191016095442598.png&quot; style=&quot;width: 70px; height: 70px;&quot; /&gt;afå‘å¤§æ°´å‘å¤§å¦èŒƒå¾·è¨å‘æ‰“æ”¾&lt;img alt=&quot;&quot; src=&quot;/uploadfiles/2019-10/20191016095450842.png&quot; style=&quot;width: 70px; height: 70px;&quot; /&gt;åˆ°saæ²™å‘èŒƒå¾·è¨å‘æ‰“ç®—æ”¾åˆ°å‘', '/uploadfiles/2019-10/20191016095442598.png', NULL, '2019-10-16 17:54:59', 51, 1, 0, 0, 0),
(16, 1, 'åŠ ç›Ÿèµ„è®¯', 2, 'åŠ ç›Ÿæ”»ç•¥', 34, 'å†æ¥ä¸€ç¯‡æ–‡ç« ', '', 'å¨ƒå“ˆå“ˆ', 'ä¸‡äº¿å¸‚åœºï¼Œè¶…å¤šå—ä¼—ï¼Œèµšé’±çš„æœºä¼šæ¥äº†ï¼', '', 'èŒƒå¾·è¨èŒƒå¾·è¨èŒƒå¾·è¨&lt;img alt=&quot;&quot; src=&quot;/uploadfiles/2019-10/20191016095442598.png&quot; style=&quot;width: 70px; height: 70px;&quot; /&gt;afå‘å¤§æ°´å‘å¤§å¦èŒƒå¾·è¨å‘æ‰“æ”¾&lt;img alt=&quot;&quot; src=&quot;/uploadfiles/2019-10/20191016095450842.png&quot; style=&quot;width: 70px; height: 70px;&quot; /&gt;åˆ°saæ²™å‘èŒƒå¾·è¨å‘æ‰“ç®—æ”¾åˆ°å‘', '/uploadfiles/2019-10/20191016095442598.png', NULL, '2019-10-23 10:56:31', 52, 1, 0, 0, 0),
(17, 3, 'é¡¹ç›®ç²¾é€‰', 4, 'é¡¹ç›®ç²¾é€‰', 34, 'å†æ¥ä¸€ç¯‡æ–‡ç« ', '', 'å¨ƒå“ˆå“ˆ', 'ä¸‡äº¿å¸‚åœºï¼Œè¶…å¤šå—ä¼—ï¼Œèµšé’±çš„æœºä¼šæ¥äº†ï¼', '', 'èŒƒå¾·è¨èŒƒå¾·è¨èŒƒå¾·è¨&lt;img alt=&quot;&quot; src=&quot;/uploadfiles/2019-10/20191016095442598.png&quot; style=&quot;width: 70px; height: 70px;&quot; /&gt;afå‘å¤§æ°´å‘å¤§å¦èŒƒå¾·è¨å‘æ‰“æ”¾&lt;img alt=&quot;&quot; src=&quot;/uploadfiles/2019-10/20191016095450842.png&quot; style=&quot;width: 70px; height: 70px;&quot; /&gt;åˆ°saæ²™å‘èŒƒå¾·è¨å‘æ‰“ç®—æ”¾åˆ°å‘', '/uploadfiles/2019-10/20191016095442598.png', 'åˆä¸€ä¸ªèœ˜è››ä¾ ', '2019-10-23 18:15:47', 117, 1, 68, 0, 0),
(18, 3, 'é¡¹ç›®ç²¾é€‰', 4, 'é¡¹ç›®ç²¾é€‰', 34, 'å†æ¥ä¸€ç¯‡æ–‡ç« ', '123', 'å¨ƒå“ˆå“ˆ1', 'ä¸‡äº¿å¸‚åœºï¼Œè¶…å¤šå—ä¼—ï¼Œèµšé’±çš„æœºä¼šæ¥äº†ï¼', '1112', 'fasfdsafdsaf&lt;img alt=&quot;&quot; src=&quot;/uploadfiles/2019-10/20191023014544587.jpg&quot; style=&quot;width: 1081px; height: 1080px;&quot; /&gt;&lt;br /&gt;\r\ndfasfdsa fdsa fd saf dsa fd sa&lt;img alt=&quot;&quot; src=&quot;/uploadfiles/2019-10/20191023014605880.png&quot; style=&quot;width: 70px; height: 70px;&quot; /&gt;fdsaf dsaf ds af&lt;br /&gt;\r\n&lt;img alt=&quot;&quot; src=&quot;/uploadfiles/2019-10/20191023014619195.jpg&quot; style=&quot;width: 1081px; height: 1080px;&quot; /&gt;&lt;br /&gt;\r\nfdsafdsa fdsa fd saf&lt;br /&gt;', '/uploadfiles/2019-10/20191016095442598.png', 'èœ˜è››ä¾ ', '2019-10-23 18:18:36', 57, 1, 66, 0, 0);

-- --------------------------------------------------------

--
-- è¡¨çš„ç»“æ„ `zzcms_zxclass`
--

CREATE TABLE IF NOT EXISTS `zzcms_zxclass` (
  `classid` int(11) NOT NULL AUTO_INCREMENT,
  `parentid` int(11) DEFAULT '0',
  `classname` char(50) DEFAULT NULL,
  `classzm` char(50) DEFAULT NULL,
  `img` char(50) DEFAULT NULL,
  `skin` char(50) DEFAULT NULL,
  `xuhao` int(11) DEFAULT '0',
  `isshow` tinyint(4) DEFAULT '1',
  `title` char(255) DEFAULT NULL,
  `keyword` char(255) DEFAULT NULL,
  `description` char(255) DEFAULT NULL,
  PRIMARY KEY (`classid`)
) ENGINE=MyISAM  DEFAULT CHARSET=utf8 AUTO_INCREMENT=5 ;

--
-- è½¬å­˜è¡¨ä¸­çš„æ•°æ® `zzcms_zxclass`
--

INSERT INTO `zzcms_zxclass` (`classid`, `parentid`, `classname`, `classzm`, `img`, `skin`, `xuhao`, `isshow`, `title`, `keyword`, `description`) VALUES
(1, 0, 'åŠ ç›Ÿèµ„è®¯', 'jiamengzixun', '', 'zx_class.htm|zx_list.htm', 0, 1, 'åŠ ç›Ÿèµ„è®¯', 'åŠ ç›Ÿèµ„è®¯', 'åŠ ç›Ÿèµ„è®¯'),
(2, 1, 'åŠ ç›Ÿæ”»ç•¥', NULL, NULL, NULL, 0, 1, NULL, NULL, NULL),
(3, 0, 'é¡¹ç›®ç²¾é€‰', 'xiangmujingxuan', NULL, NULL, 0, 1, NULL, NULL, NULL),
(4, 3, 'é¡¹ç›®ç²¾é€‰', 'xiangmujingxuan11', '', NULL, 0, 1, 'é¡¹ç›®ç²¾é€‰11', 'é¡¹ç›®ç²¾é€‰11', 'é¡¹ç›®ç²¾é€‰11');

-- --------------------------------------------------------

--
-- è¡¨çš„ç»“æ„ `zzcms_zxcollect`
--

CREATE TABLE IF NOT EXISTS `zzcms_zxcollect` (
  `id` int(10) unsigned NOT NULL AUTO_INCREMENT,
  `zid` int(11) NOT NULL COMMENT 'zx ID',
  `uid` int(11) NOT NULL COMMENT 'ç”¨æˆ·id',
  `up_device` tinyint(4) NOT NULL DEFAULT '0' COMMENT 'è®¾å¤‡0ç”µè„‘ 1æ‰‹æœº',
  `add_time` int(11) NOT NULL COMMENT 'æ·»åŠ æ—¶é—´',
  PRIMARY KEY (`id`)
) ENGINE=MyISAM  DEFAULT CHARSET=utf8 COMMENT='èµ„è®¯æ”¶è—' AUTO_INCREMENT=13 ;

--
-- è½¬å­˜è¡¨ä¸­çš„æ•°æ® `zzcms_zxcollect`
--

INSERT INTO `zzcms_zxcollect` (`id`, `zid`, `uid`, `up_device`, `add_time`) VALUES
(2, 5, 1, 1, 1571645679),
(3, 4, 1, 1, 1571645688),
(6, 2, 1, 1, 1571645749),
(7, 18, 1, 1, 1571645749),
(11, 17, 4, 1, 1571830074);

/*!40101 SET CHARACTER_SET_CLIENT=@OLD_CHARACTER_SET_CLIENT */;
/*!40101 SET CHARACTER_SET_RESULTS=@OLD_CHARACTER_SET_RESULTS */;
/*!40101 SET COLLATION_CONNECTION=@OLD_COLLATION_CONNECTION */;
